62,28,17.71,16.18,687.25,01-01-1970.00:00,2:05 PM,,,,,
61,28,16.21,20.04,756.99,01-01-1970.00:02,,,,,,
58.3,28.9,21.71,-1,97129.12,01-01-1970.00:22,,,,,,
58.9,29,21.78,-1,97129.12,01-01-1970.00:43,,,,,,
59,29,21.92,-1,22250.61,01-01-1970.01:03,,,,,,
58.1,29,23.92,-1,3654.87,01-01-1970.01:24,,,,,,
56.9,28.1,25.16,-1,44031.65,01-01-1970.01:45,,,,,,
56.9,28,51.03,-1,14935.25,01-01-1970.02:05,,,,,,
57.9,28,47.9,-1,18629.83,01-01-1970.02:26,,,,,,
58,28,47.9,-1,17518.99,01-01-1970.02:47,,,,,,
58,28.6,47.72,-1,17176.14,01-01-1970.03:07,,,,,,
58.9,28.9,48,-1,15171.35,01-01-1970.03:28,,,,,,
59,29,46.71,-1,18246.51,01-01-1970.03:48,,,,,,
59,29,48.85,-1,13739.15,01-01-1970.04:09,,,,,,
59,29,46.17,-1,19238.93,01-01-1970.04:30,,,,,,
59,29,46.2,-1,18950.23,01-01-1970.04:50,,,,,,
58.1,29,45.14,-1,21824.56,01-01-1970.05:11,,,,,,
59.8,28.1,45.71,-1,19838.98,01-01-1970.05:31,,,,,,
60,28,44.96,-1,21824.56,01-01-1970.05:52,,,,,,
60,28,45.06,-1,21305.94,01-01-1970.06:13,,,,,,
60,28,44.97,-1,21305.94,01-01-1970.06:33,,,,,,
60.2,28,44.99,-1,20810.36,01-01-1970.06:54,,,,,,
60.9,28,44.98,-1,18245.03,01-01-1970.07:15,,,,,,
63.7,27.7,44.97,-1,20109.4,01-01-1970.07:35,,,,,,
64,27.9,44.89,-1,20245.56,01-01-1970.07:56,,,,,,
63.1,28,44.75,-1,19882.47,01-01-1970.08:16,,,,,,
63,27.6,45.21,-1,18134.03,01-01-1970.08:37,,,,,,
62.1,27.1,45.73,-1,16496.42,01-01-1970.08:58,,,,,,
62.9,27,44.67,-1,18950.23,01-01-1970.09:18,,,,,,
62.1,27,43.41,-1,23536.03,01-01-1970.09:39,,,,,,
61.1,27,43.48,-1,22937.71,01-01-1970.09:59,,,,,,
61.9,27,43.52,-1,22937.71,01-01-1970.10:20,,,,,,
60.9,27,43.53,-1,22937.71,01-01-1970.10:41,,,,,,
60.1,27,43.46,-1,22652.8,01-01-1970.11:01,,,,,,
60,27,44.24,-1,19072.05,01-01-1970.11:22,,,,,,
60,26.1,44.16,-1,19447.53,01-01-1970.11:42,,,,,,
60,26,44.97,-1,16496.42,01-01-1970.12:03,,,,,,
60,26,46.08,-1,13872.29,01-01-1970.12:24,,,,,,
60,26,46.59,-1,10974.15,01-01-1970.12:44,,,,,,
60,26,46.86,-1,12337.67,01-01-1970.13:05,,,,,,
60,26,46.27,-1,12864.78,01-01-1970.13:26,,,,,,
60,26,47.73,-1,10856.02,01-01-1970.13:46,,,,,,
60,26,45.62,-1,13650.39,01-01-1970.14:07,,,,,,
60,26,44.8,-1,15359.02,01-01-1970.14:27,,,,,,
59.1,26,45.59,-1,13850.1,01-01-1970.14:48,,,,,,
59,26,45.03,-1,14102.45,01-01-1970.15:09,,,,,,
59,25.1,44.35,-1,15779.58,01-01-1970.15:29,,,,,,
59,25,44.44,-1,15608.49,01-01-1970.15:50,,,,,,
59,25,44.48,-1,15090.92,01-01-1970.16:10,,,,,,
59,25,43.63,-1,17110.06,01-01-1970.16:31,,,,,,
59,25,43.39,-1,17875.03,01-01-1970.16:52,,,,,,
59,25,43.37,-1,17839.42,01-01-1970.17:12,,,,,,
58.1,25,43.21,-1,17625.8,01-01-1970.17:33,,,,,,
58,25,43.21,-1,17518.99,01-01-1970.17:53,,,,,,
58,25,43.15,-1,17484.7,01-01-1970.18:14,,,,,,
58,25,43.1,-1,17176.14,01-01-1970.18:35,,,,,,
58,25,43.1,-1,9248.39,01-01-1970.18:55,9:00 AM,,,,,
59.5,20.7,32.59,-1,12034.03,01-01-1970.00:00,9:30 AM,,,,,
59.8,23,35.69,-1,20336.33,01-01-1970.00:21,,,,,,
61.7,22.1,35.66,-1,19973.24,01-01-1970.00:41,,,,,,
64.2,22,35.66,-1,15359.02,01-01-1970.01:02,,,,,,
60.4,22,35.74,-1,18629.83,01-01-1970.01:23,,,,,,
58.2,22,35.9,-1,13872.29,01-01-1970.01:43,,,,,,
57.1,22,35.95,-1,13739.15,01-01-1970.02:04,,,,,,
56.1,22,35.9,-1,10283.63,01-01-1970.02:24,,,,,,
56,22,35.97,-1,9290.82,01-01-1970.02:45,,,,,,
55.1,22.9,36.02,-1,9555.98,01-01-1970.03:06,,,,,,
54.1,23,36.11,-1,11916.07,01-01-1970.03:26,,,,,,
53.4,23,35.85,-1,11119.09,01-01-1970.03:47,,,,,,
54.5,23,35.92,-1,12633.35,01-01-1970.04:07,,,,,,
54.1,23,35.59,-1,12825.3,01-01-1970.04:28,,,,,,
53.1,23,35.69,-1,11270.51,01-01-1970.04:49,,,,,,
53,23,35.64,-1,11119.09,01-01-1970.05:09,,,,,,
53,23,35.55,-1,11270.51,01-01-1970.05:30,,,,,,
52.1,23,35.38,-1,13435.02,01-01-1970.05:51,,,,,,
52.9,23,35.24,-1,12845.04,01-01-1970.06:11,,,,,,
52.1,23,35.12,-1,8916.53,01-01-1970.06:32,,,,,,
51.1,23,34.87,-1,11585.02,01-01-1970.06:52,,,,,,
51.3,23,34.84,-1,12633.35,01-01-1970.07:13,,,,,,
51.9,23,34.65,-1,13022.73,01-01-1970.07:34,,,,,,
52,23,34.7,-1,17176.14,01-01-1970.07:54,,,,,,
52,23,34.56,-1,20245.56,01-01-1970.08:15,,,,,,
52.9,23,34.58,-1,19030.33,01-01-1970.08:35,,,,,,
52.1,23,34.4,-1,18629.83,01-01-1970.08:56,,,,,,
52.3,23,34.18,-1,19882.47,01-01-1970.09:17,,,,,,
52.9,23,34.11,-1,24165.03,01-01-1970.09:37,,,,,,
52.1,23,34,-1,29668.79,01-01-1970.09:58,,,,,,
52.9,23,33.83,-1,38254.65,01-01-1970.10:18,,,,,,
52.1,23,33.74,-1,39890.05,01-01-1970.10:39,,,,,,
52.9,23,33.76,-1,39890.05,01-01-1970.11:00,,,,,,
53,23,33.71,-1,39890.05,01-01-1970.11:20,,,,,,
53,23,33.64,-1,39890.05,01-01-1970.11:41,,,,,,
52.1,23.9,33.62,-1,39890.05,01-01-1970.12:02,,,,,,
52.9,24,33.27,-1,39890.05,01-01-1970.12:22,,,,,,
53,24,33.27,-1,39890.05,01-01-1970.12:43,,,,,,
53,23.6,33.27,-1,39890.05,01-01-1970.13:03,,,,,,
53,24,33.27,-1,39890.05,01-01-1970.13:24,,,,,,
53,24,33.34,-1,39072.36,01-01-1970.13:45,,,,,,
53,23.1,33.43,-1,38418.2,01-01-1970.14:05,,,,,,
53,23,33.36,-1,38908.81,01-01-1970.14:26,,,,,,
53,23,33.22,-1,38254.65,01-01-1970.14:46,,,,,,
53,23,33.31,-1,38254.65,01-01-1970.15:07,,,,,,
53,23,33.08,-1,38254.65,01-01-1970.15:28,,,,,,
53.9,23,33.13,-1,38254.65,01-01-1970.15:48,,,,,,
54,23,32.94,-1,38254.65,01-01-1970.16:09,,,,,,
54,23,32.73,-1,38254.65,01-01-1970.16:30,,,,,,
54,23,32.77,-1,38254.65,01-01-1970.16:50,,,,,,
54,23,32.8,-1,38254.65,01-01-1970.17:11,,,,,,
54,23,32.7,-1,38254.65,01-01-1970.17:31,,,,,,
54,23,32.47,-1,38254.65,01-01-1970.17:52,,,,,,
54.9,23,32.56,-1,38254.65,01-01-1970.18:13,,,,,,
54.9,23,32.35,-1,38254.65,01-01-1970.18:33,,,,,,
55,23,32.4,-1,37952.73,01-01-1970.18:54,,,,,,
55,23,32.23,-1,37348.89,01-01-1970.19:14,,,,,,
55,23,32.21,-1,37499.85,01-01-1970.19:35,,,,,,
55,23,32.07,-1,37952.73,01-01-1970.19:56,,,,,,
55,23,32.07,-1,37801.77,01-01-1970.20:16,,,,,,
55,23,31.88,-1,37650.82,01-01-1970.20:37,,,,,,
55,23,31.9,-1,37046.97,01-01-1970.20:57,,,,,,
55,22.1,31.79,-1,36745.05,01-01-1970.21:18,,,,,,
55,22.9,31.53,-1,36745.05,01-01-1970.21:39,,,,,,
54.8,23,31.58,-1,36745.05,01-01-1970.21:59,,,,,,
55,23,31.43,-1,36745.05,01-01-1970.22:20,,,,,,
55,23,31.51,-1,36745.05,01-01-1970.22:41,,,,,,
54.7,23,31.34,-1,36745.05,01-01-1970.23:01,,,,,,
54,23,31.11,-1,36745.05,01-01-1970.23:22,,,,,,
54,23,31.15,-1,36745.05,01-01-1970.23:42,9:15 AM,,,,,
50.9,21.6,25.75,-1,42.3,01-01-1970.00:00,,,,,,
58.7,22.2,26.78,-1,53.26,01-01-1970.00:21,,,,,,
57.1,22.9,35.1,-1,64.21,01-01-1970.00:41,,,,,,
57,23.9,32.47,-1,68.68,01-01-1970.01:02,,,,,,
58.8,23.1,32.77,-1,77.44,01-01-1970.01:23,,,,,,
58.1,22.1,32.56,-1,91.98,01-01-1970.01:43,,,,,,
58.9,22.9,33.67,-1,133.39,01-01-1970.02:04,,,,,,
57.9,22.1,30.42,-1,138.43,01-01-1970.02:24,,,,,,
59.7,22,30.21,-1,134.81,01-01-1970.02:45,,,,,,
59.1,22,29.72,-1,140.65,01-01-1970.03:06,,,,,,
60.6,22.9,30.73,-1,110.7,01-01-1970.03:26,,,,,,
60.9,22.1,28.99,-1,126.17,01-01-1970.03:47,,,,,,
60.1,22,29.34,-1,117.61,01-01-1970.04:07,,,,,,
59.1,22,26.78,-1,212.11,01-01-1970.04:28,,,,,,
60.7,22,26.1,-1,216.99,01-01-1970.04:49,,,,,,
59.6,22,25.54,-1,230.55,01-01-1970.05:09,,,,,,
61.7,22,23.54,-1,243.22,01-01-1970.05:30,,,,,,
62,22,22.93,-1,252.48,01-01-1970.05:51,,,,,,
62.9,22,22.9,-1,264.08,01-01-1970.06:11,,,,,,
63.9,21.1,22.55,-1,284.72,01-01-1970.06:32,,,,,,
65.8,21,22.36,-1,308.07,01-01-1970.06:52,,,,,,
68.3,21,21.28,-1,381.81,01-01-1970.07:13,,,,,,
70.8,21,19.71,18.72,628.72,01-01-1970.07:35,,,,,,
71,20.1,28.47,-1,2127.99,01-01-1970.07:56,,,,,,
71.9,20,22.41,-1,14101.02,01-01-1970.08:16,,,,,,
72,20,21.82,-1,17625.79,01-01-1970.08:37,,,,,,
70.9,20,21.68,-1,17875.03,01-01-1970.08:58,,,,,,
72.3,20,21.59,-1,17554.59,01-01-1970.09:18,,,,,,
78.4,19.1,21.89,-1,16845.75,01-01-1970.09:39,,,,,,
76.1,19,22.53,-1,16071.35,01-01-1970.09:59,,,,,,
72.3,19,22.69,-1,15608.49,01-01-1970.10:20,,,,,,
77.1,19,21.85,-1,16311.98,01-01-1970.10:41,,,,,,
72.6,19,21.89,-1,15636.21,01-01-1970.11:01,,,,,,
73.5,19,21.54,-1,16281.24,01-01-1970.11:22,,,,,,
73.1,19,20.01,-1,18208.03,01-01-1970.11:42,,,,,,
72.1,18.1,21.4,-1,15922.95,01-01-1970.12:03,,,,,,
72.9,18,22.74,-1,13770.19,01-01-1970.12:24,,,,,,
72.1,18,23.23,-1,13850.1,01-01-1970.12:44,,,,,,
72,17.1,23.66,-1,13585.78,01-01-1970.13:05,,,,,,
78.3,17,21.89,-1,15608.49,01-01-1970.13:26,,,,,,
75.5,17,25.84,-1,11634.5,01-01-1970.13:46,,,,,,
74.1,17,21.87,-1,14964.7,01-01-1970.14:07,,,,,,
75.1,17.1,22.18,-1,14336.89,01-01-1970.14:27,,,,,,
76,17,22.11,-1,14555.92,01-01-1970.14:48,,,,,,
75.1,17,20.41,-1,16313.1,01-01-1970.15:09,,,,,,
75.9,17,20.55,-1,16283.42,01-01-1970.15:29,,,,,,
79.6,17,20.81,-1,15928.04,01-01-1970.15:50,,,,,,
77,17,20.63,-1,15871.64,01-01-1970.16:10,,,,,,
75.1,17,19.85,19.1,16533.99,01-01-1970.16:33,,,,,,
75,16.1,20.04,-1,15361.79,01-01-1970.16:53,,,,,,
75,16,22.27,-1,12865.33,01-01-1970.17:14,,,,,,
76.8,16.9,24.17,-1,12107.46,01-01-1970.17:34,,,,,,
81.5,17,19.07,18.96,16041.67,01-01-1970.17:57,,,,,,
79.3,17,18.77,19.07,4502.23,01-01-1970.18:19,,,,,,
78.8,17,18.77,19.12,1087.87,01-01-1970.18:41,,,,,,
77.2,17.9,18.32,18.86,474.81,01-01-1970.19:03,,,,,,
81.4,18,18.42,18.25,260.11,01-01-1970.19:25,,,,,,
89.7,18,14.1,13.91,202.52,01-01-1970.19:47,,,,,,
91,18,14.23,14.35,160.05,01-01-1970.20:09,,,,,,
93.7,18.9,14.89,15.08,139.42,01-01-1970.20:32,,,,,,
94.9,19,15.57,15.81,133.17,01-01-1970.20:54,,,,,,
95,19.9,16.07,16.51,121.23,01-01-1970.21:16,,,,,,
93.2,20.9,16.79,17.03,113.57,01-01-1970.21:38,,,,,,
91.7,21.8,17.34,17.62,103.58,01-01-1970.22:00,,,,,,
90.1,22.9,18.23,18.84,81.64,01-01-1970.22:22,,,,,,
88.8,23,18.09,18.18,119.3,01-01-1970.22:44,,,,,,
85.4,23.9,19,19.54,86.93,01-01-1970.23:06,,,,,,
82.3,24.9,21.38,-1,50.01,01-01-1970.23:27,,,,,,
77.5,25.9,23.02,-1,57.05,01-01-1970.23:48,,,,,,
75,26.9,23.45,-1,60.79,01-02-1970.00:08,,,,,,
76,26.1,23.59,-1,52.44,01-02-1970.00:29,,,,,,
73.8,27.8,24.27,-1,43.8,01-02-1970.00:50,,,,,,
72.9,28,22.72,-1,107.22,01-02-1970.01:10,,,,,,
71.6,28,21.54,-1,112.43,01-02-1970.01:31,,,,,,
69.3,28,21.1,-1,104.94,01-02-1970.01:51,,,,,,
69.7,28,20.72,-1,102.79,01-02-1970.02:12,,,,,,
71.2,28,20.32,-1,97.8,01-02-1970.02:33,,,,,,
70.1,28,19.87,19.4,101.58,01-02-1970.02:55,,,,,,
68.6,28,19.36,19.26,97.94,01-02-1970.03:17,,,,,,
69.1,28,18.63,18.13,133.73,01-02-1970.03:39,,,,,,
70.2,27.1,17.97,17.41,144.82,01-02-1970.04:01,,,,,,
71,27,17.41,16.98,141.53,01-02-1970.04:23,,,,,,
72.8,27,17.01,16.56,135.55,01-02-1970.04:45,,,,,,
74.8,27,16.7,16.49,125.04,01-02-1970.05:08,,,,,,
79.5,26.1,16.25,15.88,143.37,01-02-1970.05:30,,,,,,
82.7,25.1,15.64,14.96,169.56,01-02-1970.05:52,,,,,,
84.8,25,14.88,14.54,182.39,01-02-1970.06:14,,,,,,
85.9,24.1,14.23,13.99,254.04,01-02-1970.06:36,,,,,,
87.8,24,13.72,13.6,335.96,01-02-1970.06:58,,,,,,
89.8,23.1,13.22,13.02,521.15,01-02-1970.07:20,,,,,,
87.3,23.9,16.89,16.61,1639.92,01-02-1970.07:43,,,,,,
88.8,23.1,16.02,15.78,11832.23,01-02-1970.08:05,8:22 PM34.10,18,5.02,5.04,181.06,01-01-1970.00:00
38.9,19.6,4.96,4.96,180.03,01-01-1970.00:01,,,,,,
39,19,4.96,4.96,180.03,01-01-1970.00:02,,,,,,
40,19,4.96,4.96,181.5,01-01-1970.00:03,,,,,,
40.4,18.1,4.96,4.96,182.98,01-01-1970.00:04,,,,,,
41.1,18,4.96,4.95,184.85,01-01-1970.00:05,,,,,,
42.9,17,4.94,4.94,191.24,01-01-1970.00:06,,,,,,
43,17.9,4.95,5.02,215.33,01-01-1970.00:07,,,,,,
43,17,4.93,4.93,186.73,01-01-1970.00:08,,,,,,
43.2,17,4.92,4.92,187.49,01-01-1970.00:09,,,,,,
44.9,17,4.91,4.91,190.72,01-01-1970.00:10,,,,,,
45,17,4.9,4.9,188.56,01-01-1970.00:11,,,,,,
45,17,4.9,4.88,187.49,01-01-1970.00:12,,,,,,
45,17,4.88,4.87,188.26,01-01-1970.00:13,,,,,,
45.1,17,4.88,4.88,189.79,01-01-1970.00:14,,,,,,
45.9,17,4.89,4.88,192.12,01-01-1970.00:15,,,,,,
46,17,4.89,4.89,194.47,01-01-1970.00:16,,,,,,
46,17,4.87,4.88,196.85,01-01-1970.00:17,,,,,,
46,17,4.87,4.87,199.26,01-01-1970.00:19,,,,,,
46.9,17,4.88,4.88,201.29,01-01-1970.00:20,,,,,,
47,17,4.88,4.87,203.76,01-01-1970.00:21,,,,,,
46.7,17,4.87,4.88,206.59,01-01-1970.00:22,,,,,,
45.7,17,4.87,4.87,209.2,01-01-1970.00:23,,,,,,
45.1,16.7,4.87,4.87,211.59,01-01-1970.00:24,,,,,,
46.2,16.1,4.87,4.87,212.62,01-01-1970.00:25,,,,,,
47.9,16,4.87,4.87,213.49,01-01-1970.00:26,,,,,,
48.6,16,4.87,4.87,214.36,01-01-1970.00:27,,,,,,
48.8,16,4.87,4.87,215.23,01-01-1970.00:28,,,,,,
49,16,4.88,4.88,216.11,01-01-1970.00:29,,,,,,
49,16,4.87,4.88,216.99,01-01-1970.00:30,,,,,,
49,16,4.88,4.87,219.65,01-01-1970.00:31,,,,,,
49,16,4.87,4.88,222.8,01-01-1970.00:32,,,,,,
49,16,4.87,4.87,226.91,01-01-1970.00:33,,,,,,
49,16,4.87,4.87,231.59,01-01-1970.00:34,,,,,,
49,16,4.87,4.87,235.3,01-01-1970.00:35,,,,,,
49,16,4.87,4.88,235.49,01-01-1970.00:36,,,,,,
49.9,16,4.88,4.88,235.4,01-01-1970.00:37,,,,,,
50,16,4.87,4.88,236.75,01-01-1970.00:38,,,,,,
49.1,16,4.87,4.87,239.27,01-01-1970.00:39,,,,,,
49.9,16,4.87,4.87,242.23,01-01-1970.00:40,,,,,,
50,16,4.87,4.87,245.22,01-01-1970.00:41,,,,,,
49.3,16,4.87,4.87,248.26,01-01-1970.00:42,,,,,,
49.9,16,4.87,4.87,251.34,01-01-1970.00:43,,,,,,
50,16,4.87,4.87,252.37,01-01-1970.00:44,,,,,,
50,16,4.87,4.87,254.46,01-01-1970.00:45,,,,,,
50,16,4.87,4.87,256.56,01-01-1970.00:46,,,,,,
50,16,4.87,4.87,260.83,01-01-1970.00:47,,,,,,
50,16,4.87,4.87,264.74,01-01-1970.00:48,,,,,,
50,16,4.87,4.87,268.49,01-01-1970.00:49,,,,,,
50,16,4.87,4.87,271.4,01-01-1970.00:50,,,,,,
49.8,16,4.87,4.87,274.12,01-01-1970.00:51,,,,,,
50,16,4.87,4.87,277.1,01-01-1970.00:52,,,,,,
50,16,4.87,4.87,279.89,01-01-1970.00:53,,,,,,
50.9,16,4.87,4.87,282.24,01-01-1970.00:54,,,,,,
50.8,16,4.87,4.87,285.8,01-01-1970.00:55,,,,,,
50,16,4.87,4.86,289.42,01-01-1970.00:56,,,,,,
50.9,16,4.87,4.87,295.56,01-01-1970.00:57,,,,,,
51.9,16,4.87,4.86,303.15,01-01-1970.00:58,,,,,,
52,16,4.87,4.87,309.65,01-01-1970.00:59,,,,,,
52,16,4.87,4.87,315.11,01-01-1970.01:00,,,,,,
52,16,4.87,4.87,320.41,01-01-1970.01:01,,,,,,
52.9,16,4.87,4.87,324.56,01-01-1970.01:02,,,,,,
53,16,4.87,4.87,327.36,01-01-1970.01:03,,,,,,
53,16,4.87,4.86,331.63,01-01-1970.01:04,,,,,,
53,16,4.87,4.85,337.42,01-01-1970.01:05,,,,,,
53,16,4.86,4.86,343.5,01-01-1970.01:06,,,,,,
52.1,16,4.86,4.87,349.71,01-01-1970.01:07,,,,,,
52,16,4.87,4.87,357,01-01-1970.01:08,,,,,,
52,16,4.86,4.86,363.53,01-01-1970.01:09,,,,,,
52.9,16,4.86,4.86,371.69,01-01-1970.01:10,,,,,,
52.1,16,4.86,4.85,380.44,01-01-1970.01:11,,,,,,
52,16,4.86,4.85,390.52,01-01-1970.01:12,,,,,,
52,16,4.86,4.87,401.69,01-01-1970.01:13,,,,,,
52,16,4.84,4.84,412.53,01-01-1970.01:14,,,,,,
52,16,4.86,4.85,424.16,01-01-1970.01:15,,,,,,
52.1,16,4.85,4.85,437.27,01-01-1970.01:16,,,,,,
53,16,4.86,4.86,448.8,01-01-1970.01:17,,,,,,
53,16,4.99,4.98,450.13,01-01-1970.01:18,,,,,,
53,16,4.97,4.98,458.69,01-01-1970.01:19,,,,,,
53,16,4.98,4.98,463.44,01-01-1970.01:20,,,,,,
53,16,4.97,4.97,469.54,01-01-1970.01:21,,,,,,
53,16,4.99,4.98,478.34,01-01-1970.01:22,,,,,,
52.3,16,4.98,4.97,493.08,01-01-1970.01:23,,,,,,
52.1,16,4.98,4.97,506.98,01-01-1970.01:24,,,,,,
52,16,4.96,4.98,521.6,01-01-1970.01:25,,,,,,
51.1,16,4.98,4.97,538.43,01-01-1970.01:26,,,,,,
51,16,4.98,4.97,560.55,01-01-1970.01:27,,,,,,
51,16,4.97,4.97,586.12,01-01-1970.01:28,,,,,,
50.9,16,4.98,4.97,617.82,01-01-1970.01:29,,,,,,
51,16,4.97,4.96,646.7,01-01-1970.01:30,,,,,,
51.9,16,4.97,4.97,668.4,01-01-1970.01:31,,,,,,
52,16,4.97,4.96,688.38,01-01-1970.01:32,,,,,,
51.1,16,4.98,4.97,711.8,01-01-1970.01:33,,,,,,
51,16,4.96,4.97,738.34,01-01-1970.01:34,,,,,,
51,16,4.98,4.96,770.14,01-01-1970.01:35,,,,,,
51.3,16,4.97,4.96,806.1,01-01-1970.01:36,,,,,,
51.7,16,4.97,4.98,843.91,01-01-1970.01:37,,,,,,
51,16,4.98,4.97,893.82,01-01-1970.01:38,,,,,,
51,16,4.96,4.96,956.56,01-01-1970.01:39,,,,,,
51.2,16,4.96,4.97,1022.77,01-01-1970.01:40,,,,,,
51,16,4.96,4.96,1098.54,01-01-1970.01:41,,,,,,
51,16,4.96,4.96,1179.26,01-01-1970.01:42,,,,,,
51,16,4.96,4.97,1258.14,01-01-1970.01:43,,,,,,
51.9,16,4.96,4.96,1339.63,01-01-1970.01:44,,,,,,
52,16,4.96,4.96,1428.42,01-01-1970.01:45,,,,,,
52,16,4.96,4.96,1535.29,01-01-1970.01:46,,,,,,
52,16,4.96,4.96,1669.25,01-01-1970.01:47,,,,,,
52,16,4.96,4.96,1824.67,01-01-1970.01:48,,,,,,
51,16.8,4.96,4.96,1980.28,01-01-1970.01:49,,,,,,
51.9,16.2,4.96,4.96,2128.99,01-01-1970.01:50,,,,,,
52,16.9,4.96,4.96,2247.71,01-01-1970.01:51,,,,,,
52.6,16.5,4.96,4.96,2336.9,01-01-1970.01:52,,,,,,
52,17,4.96,4.96,2421.58,01-01-1970.01:53,,,,,,
51.9,17,4.96,4.96,2496.96,01-01-1970.01:54,,,,,,
52,17,4.96,4.96,2573.15,01-01-1970.01:55,,,,,,
52.9,17,4.96,4.96,2569.27,01-01-1970.01:56,,,,,,
53,16.1,4.96,4.96,2508.19,01-01-1970.01:57,,,,,,
53,16.2,4.96,4.96,2586.2,01-01-1970.01:58,,,,,,
53,16.5,4.96,4.96,2891.17,01-01-1970.01:59,,,,,,
53,16.2,4.95,4.96,3346.83,01-01-1970.02:00,,,,,,
53,16.1,4.96,4.95,3865.12,01-01-1970.02:01,,,,,,
53.3,16,4.96,4.95,4628.35,01-01-1970.02:02,,,,,,
53.1,16,4.96,4.96,5626.23,01-01-1970.02:03,,,,,,
52.9,16,4.95,4.96,6421.96,01-01-1970.02:04,,,,,,
53,16,4.95,4.95,7673.45,01-01-1970.02:05,,,,,,
53.9,16,4.95,4.96,9280.06,01-01-1970.02:06,,,,,,
54,16,4.92,4.91,11413.36,01-01-1970.02:07,,,,,,
54.9,16,4.91,4.91,13267.71,01-01-1970.02:08,,,,,,
54.3,16,4.91,4.91,15865.6,01-01-1970.02:09,,,,,,
53.1,16,4.91,4.91,19113.77,01-01-1970.02:10,,,,,,
53.3,16,4.91,4.91,22595.82,01-01-1970.02:11,,,,,,
54,16,4.91,4.91,26651.08,01-01-1970.02:12,,,,,,
54.9,16,4.91,4.91,30868.96,01-01-1970.02:13,,,,,,
55,16,4.91,4.91,35766.6,01-01-1970.02:14,,,,,,
55.9,15.5,4.91,4.91,41667.66,01-01-1970.02:15,,,,,,
56,15,4.91,4.91,48067.06,01-01-1970.02:16,,,,,,
56,15,4.91,4.91,53518.4,01-01-1970.02:17,,,,,,
56,15,4.91,4.91,60741.42,01-01-1970.02:18,,,,,,
55.1,15,4.91,4.92,69093.65,01-01-1970.02:19,,,,,,
54.1,15.9,4.91,4.91,79517.1,01-01-1970.02:20,,,,,,
54,16,4.91,4.91,88208.74,01-01-1970.02:21,,,,,,
54.2,16,4.91,4.92,97129.12,01-01-1970.02:22,,,,,,
54.9,16,4.91,4.91,108031.8,01-01-1970.02:23,,,,,,
54.2,16,4.91,4.91,110757.48,01-01-1970.02:24,,,,,,
52.9,16,4.91,4.91,121660.14,01-01-1970.02:25,,,,,,
52,16,4.91,4.91,130421.23,01-01-1970.02:26,,,,,,
52,16,4.91,4.92,139182.3,01-01-1970.02:27,,,,,,
52.7,16,4.91,4.91,139182.3,01-01-1970.02:28,,,,,,
52.4,16,4.91,4.91,148527.45,01-01-1970.02:29,,,,,,
52,16,4.91,4.91,162545.22,01-01-1970.02:30,,,,,,
52,16,4.91,4.91,162545.22,01-01-1970.02:31,,,,,,
52.3,16.3,4.91,4.91,162545.22,01-01-1970.02:32,,,,,,
53.9,17,4.91,4.91,162545.22,01-01-1970.02:33,,,,,,
54,17,4.91,4.91,162545.22,01-01-1970.02:34,,,,,,
53.9,16.8,4.92,4.92,162545.22,01-01-1970.02:35,,,,,,
52.1,17,4.91,4.91,162545.22,01-01-1970.02:36,,,,,,
52.4,16.3,4.91,4.91,165816.03,01-01-1970.02:37,,,,,,
52,16,4.91,4.91,175628.44,01-01-1970.02:38,,,,,,
53.5,16,4.89,4.89,178899.22,01-01-1970.02:39,,,,,,
52.5,16,4.87,4.87,172357.63,01-01-1970.02:40,,,,,,
53.8,16,4.88,4.87,178899.22,01-01-1970.02:41,,,,,,
54.9,16,4.87,4.87,175628.42,01-01-1970.02:42,,,,,,
54.2,16,4.87,4.87,182170.03,01-01-1970.02:43,,,,,,
53.1,16,4.87,4.87,188711.64,01-01-1970.02:44,,,,,,
54.5,16,4.87,4.87,185440.83,01-01-1970.02:45,,,,,,
54.1,16,4.87,4.87,195253.23,01-01-1970.02:46,,,,,,
54,16.8,4.87,4.88,191982.44,01-01-1970.02:47,,,,,,
55.8,16.2,4.87,4.88,195253.23,01-01-1970.02:48,,,,,,
56,16,4.88,4.87,200159.45,01-01-1970.02:49,,,,,,
56.8,16,4.87,4.87,195253.23,01-01-1970.02:50,,,,,,
56.6,16,4.88,4.87,195253.23,01-01-1970.02:51,,,,,,
55.8,16,4.87,4.87,195253.23,01-01-1970.02:52,,,,,,
57.8,16,4.87,4.87,195253.23,01-01-1970.02:53,,,,,,
58.2,16,4.88,4.87,195253.23,01-01-1970.02:54,,,,,,
58.9,16,4.87,4.87,200159.45,01-01-1970.02:55,,,,,,
58.8,16,4.87,4.87,200159.45,01-01-1970.02:56,,,,,,
59,15.5,4.87,4.87,200159.45,01-01-1970.02:57,,,,,,
59,15.9,4.87,4.87,195253.23,01-01-1970.02:58,,,,,,
59.1,16,4.87,4.88,195253.23,01-01-1970.02:59,,,,,,
58.2,16,4.88,4.87,195253.23,01-01-1970.03:00,,,,,,
57.8,16,4.87,4.88,195253.23,01-01-1970.03:01,,,,,,
57,16,4.89,4.87,195253.23,01-01-1970.03:02,,,,,,
57.9,16,4.87,4.88,195253.23,01-01-1970.03:03,,,,,,
57.5,16,4.88,4.87,200159.45,01-01-1970.03:04,,,,,,
58.7,15.1,4.89,4.88,195253.23,01-01-1970.03:05,,,,,,
57.6,15.6,4.88,4.87,195253.23,01-01-1970.03:06,,,,,,
58,16,4.88,4.87,195253.23,01-01-1970.03:07,,,,,,
58,16,4.87,4.88,195253.23,01-01-1970.03:08,,,,,,
56.2,16,4.88,4.88,195253.23,01-01-1970.03:09,,,,,,
56.1,16,4.87,4.87,195253.23,01-01-1970.03:10,,,,,,
56.9,16,4.88,4.88,195253.23,01-01-1970.03:11,,,,,,
57,16,4.87,4.87,195253.23,01-01-1970.03:12,,,,,,
57,16,4.88,4.88,244315.28,01-01-1970.03:13,,,,,,
57.4,16,4.89,4.89,244315.28,01-01-1970.03:14,,,,,,
58.7,16,4.87,4.87,244315.28,01-01-1970.03:15,,,,,,
57.2,16,4.87,4.88,244315.28,01-01-1970.03:16,,,,,,
57.2,16,4.88,4.87,244315.28,01-01-1970.03:17,,,,,,
57.9,16,4.88,4.88,244315.28,01-01-1970.03:18,,,,,,
58.9,16,4.88,4.87,244315.28,01-01-1970.03:19,,,,,,
59,16,4.87,4.88,244315.28,01-01-1970.03:20,,,,,,
57.2,16,4.89,4.88,244315.28,01-01-1970.03:21,,,,,,
56.1,16,4.88,4.87,244315.28,01-01-1970.03:22,,,,,,
54.5,16,4.87,4.89,244315.28,01-01-1970.03:23,,,,,,
54.9,16,4.88,4.88,244315.28,01-01-1970.03:24,,,,,,
55.7,16,4.88,4.87,244315.28,01-01-1970.03:25,,,,,,
54.2,16,4.89,4.88,244315.28,01-01-1970.03:26,,,,,,
55.4,16,4.88,4.89,244315.28,01-01-1970.03:27,,,,,,
54.1,16,4.89,4.87,244315.28,01-01-1970.03:28,,,,,,
54,16,4.88,4.88,244315.28,01-01-1970.03:29,,,,,,
54.8,16,4.87,4.88,244315.28,01-01-1970.03:30,,,,,,
57.2,15.5,4.88,4.88,244315.28,01-01-1970.03:31,,,,,,
58,15,4.9,4.89,244315.28,01-01-1970.03:32,,,,,,
59.9,15,4.88,4.89,244315.28,01-01-1970.03:33,,,,,,
60,15,4.89,4.89,244315.28,01-01-1970.03:34,,,,,,
57.5,15,4.88,4.87,244315.28,01-01-1970.03:35,,,,,,
56.9,15,4.89,4.87,244315.28,01-01-1970.03:36,,,,,,
56.2,15,4.88,4.85,244315.28,01-01-1970.03:37,,,,,,
55.8,15,4.85,4.85,244315.28,01-01-1970.03:38,,,,,,
56.7,15,4.85,4.86,244315.28,01-01-1970.03:39,,,,,,
56.1,15.5,4.85,4.86,244315.28,01-01-1970.03:40,,,,,,
57.3,15.1,4.86,4.84,244315.28,01-01-1970.03:41,,,,,,
58,15,4.85,4.86,244315.28,01-01-1970.03:42,,,,,,
58,15,4.85,4.84,244315.28,01-01-1970.03:43,,,,,,
57,15.9,4.86,4.84,244315.28,01-01-1970.03:44,,,,,,
57.9,15.1,4.85,4.86,244315.28,01-01-1970.03:45,,,,,,
57.4,15,4.86,4.86,244315.28,01-01-1970.03:46,,,,,,
56.3,15,4.86,4.87,244315.28,01-01-1970.03:47,,,,,,
55.1,15,4.86,4.86,239409.08,01-01-1970.03:48,,,,,,
54.1,15,4.85,4.84,244315.28,01-01-1970.03:49,,,,,,
54,15,4.86,4.86,229596.67,01-01-1970.03:50,,,,,,
55.5,15,4.86,4.86,244315.28,01-01-1970.03:51,,,,,,
54.2,15,4.85,4.86,239409.08,01-01-1970.03:52,,,,,,
54.2,15,4.87,4.85,244315.28,01-01-1970.03:53,,,,,,
54,15,4.85,4.86,229596.67,01-01-1970.03:54,,,,,,
54,15,4.84,4.85,239409.08,01-01-1970.03:55,,,,,,
54,15,4.85,4.86,244315.28,01-01-1970.03:56,,,,,,
54,15,4.86,4.85,234502.88,01-01-1970.03:57,,,,,,
54.9,15,4.85,4.85,234502.88,01-01-1970.03:58,,,,,,
56.4,15,4.86,4.86,224690.45,01-01-1970.03:59,,,,,,
56,15,4.86,4.86,234502.88,01-01-1970.04:00,,,,,,
54.3,15,4.85,4.87,239409.08,01-01-1970.04:01,,,,,,
55.8,15,4.86,4.86,234502.88,01-01-1970.04:02,,,,,,
56.4,15,4.86,4.86,244315.28,01-01-1970.04:03,,,,,,
54.2,15,4.86,4.86,244315.28,01-01-1970.04:05,,,,,,
54,15,4.86,4.87,244315.28,01-01-1970.04:06,,,,,,
54,15,4.85,4.85,244315.28,01-01-1970.04:07,,,,,,
56.4,15,4.86,4.85,244315.28,01-01-1970.04:08,,,,,,
56.4,15,4.84,4.86,244315.28,01-01-1970.04:09,,,,,,
57.7,15,4.85,4.85,244315.28,01-01-1970.04:10,,,,,,
57.8,15,4.86,4.86,244315.28,01-01-1970.04:11,,,,,,
55.2,15,4.86,4.86,244315.28,01-01-1970.04:12,,,,,,
55,15,4.82,4.82,244315.28,01-01-1970.04:13,,,,,,
55.4,15,4.82,4.82,244315.28,01-01-1970.04:14,,,,,,
58.7,15,4.82,4.82,244315.28,01-01-1970.04:15,,,,,,
59.9,15,4.82,4.82,244315.28,01-01-1970.04:16,,,,,,
59.9,15,4.82,4.82,244315.28,01-01-1970.04:17,,,,,,
60,15,4.82,4.82,244315.28,01-01-1970.04:18,,,,,,
60,15,4.81,4.82,244315.28,01-01-1970.04:19,,,,,,
59.9,15,4.82,4.82,244315.28,01-01-1970.04:20,,,,,,
60,15,4.82,4.82,244315.28,01-01-1970.04:21,,,,,,
59.2,15,4.83,4.82,244315.28,01-01-1970.04:22,,,,,,
57.7,15,4.82,4.82,244315.28,01-01-1970.04:23,,,,,,
58.3,15,4.82,4.82,244315.28,01-01-1970.04:24,,,,,,
59,15,4.82,4.82,244315.28,01-01-1970.04:25,,,,,,
59,15,4.82,4.82,244315.28,01-01-1970.04:26,,,,,,
57.2,15,4.82,4.82,244315.28,01-01-1970.04:27,,,,,,
56.4,15,4.82,4.82,244315.28,01-01-1970.04:28,,,,,,
58,15,4.82,4.83,244315.28,01-01-1970.04:29,,,,,,
58,15,4.82,4.82,244315.28,01-01-1970.04:30,,,,,,
59.4,14.1,4.82,4.82,244315.28,01-01-1970.04:31,,,,,,
59.1,14,4.82,4.82,244315.28,01-01-1970.04:32,,,,,,
59.9,14.3,4.82,4.82,244315.28,01-01-1970.04:33,,,,,,
59.5,14.5,4.82,4.82,244315.28,01-01-1970.04:34,,,,,,
59.3,14,4.83,4.82,244315.28,01-01-1970.04:35,,,,,,
59.4,14,4.82,4.82,244315.28,01-01-1970.04:36,,,,,,
59.4,14,4.82,4.82,244315.28,01-01-1970.04:37,,,,,,
59,14,4.82,4.82,244315.28,01-01-1970.04:38,,,,,,
59,14,4.82,4.82,244315.28,01-01-1970.04:39,,,,,,
59,14,4.82,4.82,244315.28,01-01-1970.04:40,,,,,,
59,14,4.82,4.82,244315.28,01-01-1970.04:41,,,,,,
59,14,4.82,4.82,244315.28,01-01-1970.04:42,,,,,,
59,14,4.82,4.82,244315.28,01-01-1970.04:43,,,,,,
59,14,4.82,4.82,244315.28,01-01-1970.04:44,,,,,,
59.7,14,4.82,4.83,244315.28,01-01-1970.04:45,,,,,,
59.1,14,4.82,4.82,244315.28,01-01-1970.04:46,,,,,,
58.4,14,4.82,4.82,244315.28,01-01-1970.04:47,,,,,,
59,14,4.82,4.82,244315.28,01-01-1970.04:48,,,,,,
59.2,14,4.82,4.82,239409.08,01-01-1970.04:49,,,,,,
60,14,4.79,4.78,234502.88,01-01-1970.04:50,,,,,,
60,14,4.78,4.78,195253.23,01-01-1970.04:51,,,,,,
60,14,4.78,4.78,178899.23,01-01-1970.04:52,,,,,,
60,14,4.78,4.78,175628.42,01-01-1970.04:53,,,,,,
60,14,4.78,4.77,175628.42,01-01-1970.04:54,,,,,,
60,14,4.79,4.78,169086.83,01-01-1970.04:55,,,,,,
59.7,14,4.78,4.79,153200.05,01-01-1970.04:56,,,,,,
60.2,14,4.78,4.79,195253.23,01-01-1970.04:57,,,,,,
61,14,4.77,4.78,195253.23,01-01-1970.04:58,,,,,,
60.7,13.1,4.79,4.78,195253.23,01-01-1970.04:59,,,,,,
61,13,4.8,4.79,195253.23,01-01-1970.05:00,,,,,,
60.9,13,4.79,4.78,195253.23,01-01-1970.05:01,,,,,,
61,13,4.78,4.79,195253.23,01-01-1970.05:02,,,,,,
61,13,4.78,4.78,195253.23,01-01-1970.05:03,,,,,,
61,13,4.8,4.79,195253.23,01-01-1970.05:04,,,,,,
60.8,13,4.8,4.79,195253.23,01-01-1970.05:05,,,,,,
60.4,13,4.78,4.79,195253.23,01-01-1970.05:06,,,,,,
60,13,4.8,4.79,195253.23,01-01-1970.05:07,,,,,,
60,13,4.78,4.77,195253.23,01-01-1970.05:08,,,,,,
60,13,4.79,4.79,195253.23,01-01-1970.05:09,,,,,,
60.9,13,4.79,4.79,195253.23,01-01-1970.05:10,,,,,,
60,13,4.78,4.79,195253.23,01-01-1970.05:11,,,,,,
60,13,4.79,4.79,195253.23,01-01-1970.05:12,,,,,,
60,13,4.79,4.78,195253.23,01-01-1970.05:13,,,,,,
60,13,4.78,4.78,195253.23,01-01-1970.05:14,,,,,,
60,13,4.79,4.78,195253.23,01-01-1970.05:15,,,,,,
59.2,13,4.8,4.8,195253.23,01-01-1970.05:16,,,,,,
59.5,13,4.79,4.79,195253.23,01-01-1970.05:17,,,,,,
59,13,4.81,4.79,195253.23,01-01-1970.05:18,,,,,,
59,13,4.79,4.79,195253.23,01-01-1970.05:19,,,,,,
59,13,4.78,4.8,195253.23,01-01-1970.05:20,,,,,,
59,13,4.79,4.79,195253.23,01-01-1970.05:21,,,,,,
59,13,4.8,4.8,195253.23,01-01-1970.05:22,,,,,,
59,13,4.81,4.79,195253.23,01-01-1970.05:23,,,,,,
59,13,4.77,4.8,195253.23,01-01-1970.05:24,,,,,,
59,13,4.77,4.8,195253.23,01-01-1970.05:25,,,,,,
59,13,4.78,4.78,195253.23,01-01-1970.05:26,,,,,,
59,13,4.8,4.79,195253.23,01-01-1970.05:27,,,,,,
59,13,4.79,4.79,195253.23,01-01-1970.05:28,,,,,,
59,13,4.81,4.8,195253.23,01-01-1970.05:29,,,,,,
59,13,4.79,4.79,195253.23,01-01-1970.05:30,,,,,,
59,13,4.8,4.8,195253.23,01-01-1970.05:31,,,,,,
58.7,13,4.8,4.8,195253.23,01-01-1970.05:32,,,,,,
58,13,4.79,4.8,162545.22,01-01-1970.05:33,,,,,,
58,13,4.75,4.76,162545.22,01-01-1970.05:34,,,,,,
58,13,4.75,4.75,162545.22,01-01-1970.05:35,,,,,,
58.3,13,4.76,4.77,162545.22,01-01-1970.05:36,,,,,,
58.2,13,4.76,4.76,162545.22,01-01-1970.05:37,,,,,,
58.4,13,4.76,4.77,162545.22,01-01-1970.05:38,,,,,,
58.1,13,4.76,4.76,162545.22,01-01-1970.05:39,,,,,,
58,13,4.76,4.77,162545.22,01-01-1970.05:40,,,,,,
58.4,13,4.77,4.76,162545.22,01-01-1970.05:41,,,,,,
59,13,4.76,4.77,162545.22,01-01-1970.05:42,,,,,,
58.9,13,4.76,4.76,162545.22,01-01-1970.05:43,,,,,,
58,13,4.76,4.77,162545.22,01-01-1970.05:44,,,,,,
58,13,4.76,4.76,162545.22,01-01-1970.05:45,,,,,,
58,13,4.77,4.76,162545.22,01-01-1970.05:46,,,,,,
58,13,4.77,4.76,162545.22,01-01-1970.05:47,,,,,,
58,13,4.77,4.77,162545.22,01-01-1970.05:48,,,,,,
58,13,4.76,4.77,162545.22,01-01-1970.05:49,,,,,,
58,13,4.76,4.76,162545.22,01-01-1970.05:50,,,,,,
58,13,4.76,4.77,162545.22,01-01-1970.05:51,,,,,,
58,13,4.76,4.77,162545.22,01-01-1970.05:52,,,,,,
58,13,4.77,4.76,162545.22,01-01-1970.05:53,,,,,,
58,13,4.77,4.76,162545.22,01-01-1970.05:54,,,,,,
58,13,4.76,4.76,162545.22,01-01-1970.05:55,,,,,,
58,13,4.76,4.76,162545.22,01-01-1970.05:56,,,,,,
58,13,4.76,4.76,162545.22,01-01-1970.05:57,,,,,,
58,13,4.76,4.77,162545.22,01-01-1970.05:58,,,,,,
58,12.8,4.77,4.77,162545.22,01-01-1970.05:59,,,,,,
58,13,4.76,4.77,162545.22,01-01-1970.06:00,,,,,,
58,12.2,4.77,4.77,162545.22,01-01-1970.06:01,,,,,,
58,12.9,4.76,4.77,162545.22,01-01-1970.06:02,,,,,,
58,13,4.76,4.77,162545.22,01-01-1970.06:03,,,,,,
58,13,4.76,4.76,162545.22,01-01-1970.06:04,,,,,,
58,12.7,4.76,4.75,162545.22,01-01-1970.06:05,,,,,,
58,13,4.76,4.77,162545.22,01-01-1970.06:06,,,,,,
58,13,4.75,4.77,162545.22,01-01-1970.06:07,,,,,,
57.8,12.7,4.77,4.76,162545.22,01-01-1970.06:08,,,,,,
58,12.3,4.76,4.77,162545.22,01-01-1970.06:09,,,,,,
58,12.1,4.77,4.76,162545.22,01-01-1970.06:10,,,,,,
58,12.9,4.77,4.77,162545.22,01-01-1970.06:11,,,,,,
58,12.2,4.76,4.77,162545.22,01-01-1970.06:12,,,,,,
58,12.1,4.77,4.76,188711.64,01-01-1970.06:13,,,,,,
58,12,4.76,4.77,162545.22,01-01-1970.06:14,,,,,,
58,12,4.76,4.76,162545.22,01-01-1970.06:15,,,,,,
58,12,4.77,4.77,162545.22,01-01-1970.06:16,,,,,,
58,12.3,4.76,4.77,162545.22,01-01-1970.06:17,,,,,,
58,12,4.76,4.77,214878.05,01-01-1970.06:18,,,,,,
58,12,4.77,4.72,244315.28,01-01-1970.06:19,,,,,,
58,12,4.73,4.72,244315.28,01-01-1970.06:20,,,,,,
58,12,4.73,4.72,162545.22,01-01-1970.06:21,,,,,,
58,12,4.72,4.73,157872.63,01-01-1970.06:22,,,,,,
58,12,4.73,4.72,160208.92,01-01-1970.06:23,,,,,,
58,12,4.72,4.72,157872.64,01-01-1970.06:24,,,,,,
58,12,4.72,4.73,160208.92,01-01-1970.06:25,,,,,,
58,12,4.72,4.72,162545.22,01-01-1970.06:26,,,,,,
58,12,4.72,4.73,157872.64,01-01-1970.06:27,,,,,,
58,12,4.72,4.72,157872.64,01-01-1970.06:28,,,,,,
58,12,4.72,4.72,160208.92,01-01-1970.06:29,,,,,,
58,12,4.72,4.73,160208.92,01-01-1970.06:30,,,,,,
58,12,4.72,4.73,162545.22,01-01-1970.06:31,,,,,,
58,12,4.73,4.73,155536.34,01-01-1970.06:32,,,,,,
57.8,12,4.73,4.73,162545.22,01-01-1970.06:33,,,,,,
57.1,12,4.73,4.73,162545.22,01-01-1970.06:34,,,,,,
57.7,12,4.72,4.73,162545.22,01-01-1970.06:35,,,,,,
57.1,12,4.72,4.72,160208.92,01-01-1970.06:36,,,,,,
57,12,4.73,4.72,160208.92,01-01-1970.06:37,,,,,,
57.4,12,4.72,4.72,143854.88,01-01-1970.06:38,,,,,,
58,12,4.72,4.73,137430.08,01-01-1970.06:39,,,,,,
57.9,12,4.72,4.73,139182.3,01-01-1970.06:40,,,,,,
57.1,12,4.72,4.72,139182.3,01-01-1970.06:41,,,,,,
57,12,4.73,4.73,139182.3,01-01-1970.06:42,,,,,,
57,12,4.73,4.73,139182.3,01-01-1970.06:43,,,,,,
57,12,4.73,4.72,139182.3,01-01-1970.06:44,,,,,,
57.1,12,4.73,4.73,139182.3,01-01-1970.06:45,,,,,,
57,12,4.74,4.73,139182.3,01-01-1970.06:46,,,,,,
57,12,4.72,4.72,139182.3,01-01-1970.06:47,,,,,,
57.3,12,4.72,4.72,139182.3,01-01-1970.06:48,,,,,,
58,12,4.73,4.72,139182.3,01-01-1970.06:49,,,,,,
57.1,12,4.73,4.72,139182.3,01-01-1970.06:50,,,,,,
57,12,4.72,4.72,137430.09,01-01-1970.06:51,,,,,,
57,12,4.73,4.72,135677.88,01-01-1970.06:52,,,,,,
57.7,12,4.72,4.72,139182.3,01-01-1970.06:53,,,,,,
58,12,4.73,4.72,137430.09,01-01-1970.06:54,,,,,,
57.6,12,4.73,4.73,139182.3,01-01-1970.06:55,,,,,,
57.9,12,4.73,4.73,139182.3,01-01-1970.06:56,,,,,,
57.1,12,4.73,4.73,139182.3,01-01-1970.06:57,,,,,,
57,12,4.72,4.72,139182.3,01-01-1970.06:58,,,,,,
57.9,12,4.73,4.72,139182.3,01-01-1970.06:59,,,,,,
58,12,4.73,4.73,162545.22,01-01-1970.07:00,,,,,,
57.1,12,4.72,4.72,244315.28,01-01-1970.07:01,,,,,,
57,12,4.72,4.73,244315.28,01-01-1970.07:02,,,,,,
57,12,4.68,4.7,244315.28,01-01-1970.07:03,,,,,,
57.2,12,4.68,4.67,244315.28,01-01-1970.07:04,,,,,,
57,12,4.69,4.69,244315.28,01-01-1970.07:05,,,,,,
57,12,4.69,4.7,244315.28,01-01-1970.07:06,,,,,,
57,12,4.67,4.7,244315.28,01-01-1970.07:07,,,,,,
57,12,4.69,4.7,244315.28,01-01-1970.07:08,,,,,,
57.9,12,4.71,4.68,244315.28,01-01-1970.07:09,,,,,,
57.1,12,4.69,4.68,244315.28,01-01-1970.07:10,,,,,,
57.9,12,4.69,4.69,244315.28,01-01-1970.07:11,,,,,,
57.6,12,4.7,4.69,244315.28,01-01-1970.07:12,,,,,,
57.5,12,4.69,4.68,244315.28,01-01-1970.07:13,,,,,,
57.4,12,4.69,4.7,244315.28,01-01-1970.07:14,,,,,,
57.9,12,4.7,4.7,244315.28,01-01-1970.07:15,,,,,,
57.7,12,4.68,4.69,244315.28,01-01-1970.07:16,,,,,,
57.9,12,4.7,4.69,244315.28,01-01-1970.07:17,,,,,,
57.9,12,4.7,4.7,244315.28,01-01-1970.07:18,,,,,,
58,12,4.69,4.67,244315.28,01-01-1970.07:19,,,,,,
57.4,12,4.7,4.68,244315.28,01-01-1970.07:20,,,,,,
57,12,4.69,4.68,244315.28,01-01-1970.07:21,,,,,,
57.2,12,4.68,4.68,244315.28,01-01-1970.07:22,,,,,,
58,12,4.7,4.69,244315.28,01-01-1970.07:23,,,,,,
58,12,4.69,4.7,244315.28,01-01-1970.07:24,,,,,,
58,12,4.68,4.69,244315.28,01-01-1970.07:25,,,,,,
58,12,4.69,4.7,244315.28,01-01-1970.07:26,,,,,,
58,12,4.69,4.68,244315.28,01-01-1970.07:27,,,,,,
58,12,4.7,4.7,244315.28,01-01-1970.07:28,,,,,,
57.6,12,4.69,4.7,244315.28,01-01-1970.07:29,,,,,,
57.7,12,4.69,4.68,244315.28,01-01-1970.07:30,,,,,,
57.1,12,4.68,4.71,244315.28,01-01-1970.07:31,,,,,,
57,12,4.68,4.7,244315.28,01-01-1970.07:32,,,,,,
57.8,12,4.69,4.68,244315.28,01-01-1970.07:33,,,,,,
57.9,12,4.69,4.69,244315.28,01-01-1970.07:34,,,,,,
57.4,12,4.7,4.68,244315.28,01-01-1970.07:35,,,,,,
57,12,4.69,4.69,244315.28,01-01-1970.07:36,,,,,,
57,12,4.69,4.69,244315.28,01-01-1970.07:37,,,,,,
57,12,4.7,4.7,244315.28,01-01-1970.07:38,,,,,,
57,12,4.68,4.69,244315.28,01-01-1970.07:39,,,,,,
57,12,4.69,4.66,244315.28,01-01-1970.07:40,,,,,,
57.9,12,4.65,4.66,244315.28,01-01-1970.07:41,,,,,,
57.1,12,4.65,4.67,244315.28,01-01-1970.07:42,,,,,,
58,12,4.65,4.66,244315.28,01-01-1970.07:43,,,,,,
58,12,4.65,4.66,244315.28,01-01-1970.07:44,,,,,,
58,11.6,4.65,4.67,244315.28,01-01-1970.07:45,,,,,,
58,11.9,4.66,4.66,244315.28,01-01-1970.07:46,,,,,,
58,12,4.65,4.66,244315.28,01-01-1970.07:47,,,,,,
58,12,4.66,4.65,244315.28,01-01-1970.07:48,,,,,,
58,11.5,4.66,4.66,244315.28,01-01-1970.07:50,,,,,,
58,11.9,4.67,4.67,244315.28,01-01-1970.07:51,,,,,,
58,12,4.66,4.65,244315.28,01-01-1970.07:52,,,,,,
58,12,4.66,4.66,244315.28,01-01-1970.07:53,,,,,,
58,12,4.66,4.66,244315.28,01-01-1970.07:54,,,,,,
58,11.4,4.66,4.66,244315.28,01-01-1970.07:55,,,,,,
58,11,4.65,4.67,244315.28,01-01-1970.07:56,,,,,,
58,11,4.67,4.67,244315.28,01-01-1970.07:57,,,,,,
58,11.9,4.67,4.66,244315.28,01-01-1970.07:58,,,,,,
58,12,4.66,4.67,244315.28,01-01-1970.07:59,,,,,,
58,12,4.65,4.66,244315.28,01-01-1970.08:00,,,,,,
57.1,12,4.66,4.66,244315.28,01-01-1970.08:01,,,,,,
57.9,12,4.67,4.66,244315.28,01-01-1970.08:02,,,,,,
58,12,4.66,4.67,244315.28,01-01-1970.08:03,,,,,,
58,11.6,4.66,4.66,244315.28,01-01-1970.08:04,,,,,,
58,11.7,4.66,4.66,244315.28,01-01-1970.08:05,,,,,,
58,11,4.66,4.66,244315.28,01-01-1970.08:06,,,,,,
58,11,4.67,4.66,244315.28,01-01-1970.08:07,,,,,,
58,11,4.66,4.66,244315.28,01-01-1970.08:08,,,,,,
58,11.2,4.66,4.66,244315.28,01-01-1970.08:09,,,,,,
58.2,11.1,4.66,4.66,244315.28,01-01-1970.08:10,,,,,,
58.1,11,4.66,4.66,244315.28,01-01-1970.08:11,,,,,,
58.3,11,4.67,4.66,244315.28,01-01-1970.08:12,,,,,,
58,11.7,4.66,4.65,244315.28,01-01-1970.08:13,,,,,,
58,11.1,4.66,4.67,244315.28,01-01-1970.08:14,,,,,,
58,11,4.66,4.66,244315.28,01-01-1970.08:15,,,,,,
58,11.9,4.66,4.66,244315.28,01-01-1970.08:16,,,,,,
58,12,4.66,4.66,244315.28,01-01-1970.08:17,,,,,,
58.3,11.2,4.66,4.66,244315.28,01-01-1970.08:18,,,,,,
59,11,4.66,4.66,244315.28,01-01-1970.08:19,,,,,,
59,11,4.65,4.66,244315.28,01-01-1970.08:20,,,,,,
59,11,4.65,4.67,244315.28,01-01-1970.08:21,,,,,,
59,11,4.66,4.66,244315.28,01-01-1970.08:22,,,,,,
59,11,4.66,4.65,244315.28,01-01-1970.08:23,,,,,,
59,11,4.66,4.66,244315.28,01-01-1970.08:24,,,,,,
59,11,4.66,4.66,244315.28,01-01-1970.08:25,,,,,,
59,11,4.66,4.66,244315.28,01-01-1970.08:26,,,,,,
59,11,4.65,4.66,244315.28,01-01-1970.08:27,,,,,,
59,11,4.66,4.66,244315.28,01-01-1970.08:28,,,,,,
59,11,4.66,4.66,244315.28,01-01-1970.08:29,,,,,,
59.9,11,4.66,4.66,244315.28,01-01-1970.08:30,,,,,,
60,11,4.67,4.65,244315.28,01-01-1970.08:31,,,,,,
60,11,4.67,4.67,244315.28,01-01-1970.08:32,,,,,,
60,11,4.66,4.66,244315.28,01-01-1970.08:33,,,,,,
60,11,4.66,4.66,244315.28,01-01-1970.08:34,,,,,,
60.4,11,4.66,4.66,244315.28,01-01-1970.08:35,,,,,,
61,11,4.66,4.67,244315.28,01-01-1970.08:36,,,,,,
60.8,11,4.66,4.66,244315.28,01-01-1970.08:37,,,,,,
60.2,11,4.66,4.67,244315.28,01-01-1970.08:38,,,,,,
60.4,11,4.67,4.66,244315.28,01-01-1970.08:39,,,,,,
61,11,4.67,4.67,244315.28,01-01-1970.08:40,,,,,,
61,11,4.66,4.67,244315.28,01-01-1970.08:41,,,,,,
61,11,4.66,4.66,244315.28,01-01-1970.08:42,,,,,,
61,11,4.65,4.66,244315.28,01-01-1970.08:43,,,,,,
61,11,4.66,4.66,244315.28,01-01-1970.08:44,,,,,,
61,11,4.67,4.66,244315.28,01-01-1970.08:45,,,,,,
61,11,4.67,4.66,244315.28,01-01-1970.08:46,,,,,,
61,11,4.66,4.67,244315.28,01-01-1970.08:47,,,,,,
61,11,4.66,4.66,244315.28,01-01-1970.08:48,,,,,,
61.9,11,4.66,4.65,244315.28,01-01-1970.08:49,,,,,,
62,11,4.66,4.67,244315.28,01-01-1970.08:50,,,,,,
62,11,4.66,4.66,244315.28,01-01-1970.08:51,,,,,,
62,11,4.66,4.66,244315.28,01-01-1970.08:52,,,,,,
62.8,11,4.66,4.65,244315.28,01-01-1970.08:53,,,,,,
63,11,4.62,4.63,244315.28,01-01-1970.08:54,,,,,,
62.9,11,4.63,4.64,252492.3,01-01-1970.08:55,,,,,,
63,11,4.63,4.63,244315.28,01-01-1970.08:56,,,,,,
62.5,11,4.62,4.63,244315.28,01-01-1970.08:57,,,,,,
63,11,4.63,4.63,244315.28,01-01-1970.08:58,,,,,,
63,11,4.62,4.62,244315.28,01-01-1970.08:59,,,,,,
63.9,11,4.62,4.62,244315.28,01-01-1970.09:00,,,,,,
63.7,11,4.63,4.63,244315.28,01-01-1970.09:01,,,,,,
63.4,11,4.62,4.64,244315.28,01-01-1970.09:02,,,,,,
64,11,4.63,4.62,244315.28,01-01-1970.09:03,,,,,,
64,11,4.62,4.63,244315.28,01-01-1970.09:04,,,,,,
64,11,4.63,4.64,244315.28,01-01-1970.09:05,,,,,,
64,11,4.62,4.62,244315.28,01-01-1970.09:06,,,,,,
64,11,4.63,4.63,244315.28,01-01-1970.09:07,,,,,,
64,11,4.63,4.62,244315.28,01-01-1970.09:08,,,,,,
64,11,4.63,4.63,244315.28,01-01-1970.09:09,,,,,,
64,11,4.64,4.62,244315.28,01-01-1970.09:10,,,,,,
64,11,4.63,4.63,244315.28,01-01-1970.09:11,,,,,,
64,11,4.63,4.62,244315.28,01-01-1970.09:12,,,,,,
64,11,4.62,4.62,244315.28,01-01-1970.09:13,,,,,,
64,11,4.63,4.62,244315.28,01-01-1970.09:14,,,,,,
64,11,4.62,4.63,244315.28,01-01-1970.09:15,,,,,,
64,11,4.62,4.62,244315.28,01-01-1970.09:16,,,,,,
64,11,4.62,4.62,244315.28,01-01-1970.09:17,,,,,,
64,11,4.63,4.64,244315.28,01-01-1970.09:18,,,,,,
63.1,11,4.63,4.63,244315.28,01-01-1970.09:19,,,,,,
63.9,11,4.63,4.63,244315.28,01-01-1970.09:20,,,,,,
64,11,4.62,4.63,244315.28,01-01-1970.09:21,,,,,,
64,11,4.64,4.63,244315.28,01-01-1970.09:22,,,,,,
64,11,4.62,4.62,244315.28,01-01-1970.09:23,,,,,,
64.7,11,4.63,4.62,244315.28,01-01-1970.09:24,,,,,,
65,11,4.63,4.63,244315.28,01-01-1970.09:25,,,,,,
64.9,11,4.62,4.63,244315.28,01-01-1970.09:26,,,,,,
65,11,4.63,4.62,244315.28,01-01-1970.09:27,,,,,,
65,11,4.59,4.59,244315.28,01-01-1970.09:28,,,,,,
64.1,11,4.59,4.59,244315.28,01-01-1970.09:29,,,,,,
64.9,11,4.58,4.58,244315.28,01-01-1970.09:30,,,,,,
65,11,4.6,4.59,244315.28,01-01-1970.09:31,,,,,,
65,11,4.58,4.58,244315.28,01-01-1970.09:32,,,,,,
65.6,11,4.6,4.58,244315.28,01-01-1970.09:33,,,,,,
66,11,4.6,4.58,244315.28,01-01-1970.09:34,,,,,,
66,11,4.58,4.61,244315.28,01-01-1970.09:35,,,,,,
66,10.4,4.59,4.59,244315.28,01-01-1970.09:36,,,,,,
66,11,4.58,4.59,244315.28,01-01-1970.09:37,,,,,,
65.4,11,4.59,4.6,244315.28,01-01-1970.09:38,,,,,,
65,10.1,4.58,4.58,244315.28,01-01-1970.09:39,,,,,,
65,10.9,4.58,4.6,244315.28,01-01-1970.09:40,,,,,,
65,10.7,4.58,4.6,244315.28,01-01-1970.09:41,,,,,,
65.9,10,4.58,4.58,244315.28,01-01-1970.09:42,,,,,,
66,10,4.58,4.57,244315.28,01-01-1970.09:43,,,,,,
66,10,4.6,4.58,244315.28,01-01-1970.09:44,,,,,,
66,10,4.6,4.59,244315.28,01-01-1970.09:45,,,,,,
66,10,4.58,4.57,244315.28,01-01-1970.09:46,,,,,,
66,10,4.6,4.59,244315.28,01-01-1970.09:47,,,,,,
66,10,4.58,4.58,244315.28,01-01-1970.09:48,,,,,,
66,10,4.6,4.57,244315.28,01-01-1970.09:49,,,,,,
66,10,4.58,4.59,244315.28,01-01-1970.09:50,,,,,,
66,10,4.6,4.6,244315.28,01-01-1970.09:51,,,,,,
65.1,10,4.59,4.59,244315.28,01-01-1970.09:52,,,,,,
65,10,4.59,4.6,244315.28,01-01-1970.09:53,,,,,,
65.2,10,4.59,4.59,244315.28,01-01-1970.09:54,,,,,,
65,10,4.58,4.58,244315.28,01-01-1970.09:55,,,,,,
65.9,10,4.59,4.58,244315.28,01-01-1970.09:56,,,,,,
66,10,4.59,4.61,244315.28,01-01-1970.09:57,,,,,,
66,10,4.6,4.59,244315.28,01-01-1970.09:58,,,,,,
65.3,10,4.58,4.58,244315.28,01-01-1970.09:59,,,,,,
65.1,10,4.59,4.59,244315.28,01-01-1970.10:00,,,,,,
65,10,4.59,4.59,244315.28,01-01-1970.10:01,,,,,,
65,10,4.58,4.59,244315.28,01-01-1970.10:02,,,,,,
65,10,4.6,4.59,244315.28,01-01-1970.10:03,,,,,,
65,10,4.58,4.59,244315.28,01-01-1970.10:04,,,,,,
65.9,10,4.6,4.57,244315.28,01-01-1970.10:05,,,,,,
65.1,10,4.58,4.6,244315.28,01-01-1970.10:06,,,,,,
65,10,4.59,4.6,244315.28,01-01-1970.10:07,,,,,,
65.6,10,4.59,4.59,244315.28,01-01-1970.10:08,,,,,,
65,10,4.59,4.58,244315.28,01-01-1970.10:09,,,,,,
65.7,10,4.59,4.6,244315.28,01-01-1970.10:10,,,,,,
65.2,10,4.59,4.59,244315.28,01-01-1970.10:11,,,,,,
65.9,10,4.59,4.59,244315.28,01-01-1970.10:12,,,,,,
66,10,4.59,4.59,244315.28,01-01-1970.10:13,,,,,,
66,10,4.58,4.6,244315.28,01-01-1970.10:14,,,,,,
66,10,4.58,4.6,244315.28,01-01-1970.10:15,,,,,,
66.4,10,4.58,4.6,244315.28,01-01-1970.10:16,,,,,,
66.3,10,4.59,4.59,244315.28,01-01-1970.10:17,,,,,,
66.9,10,4.6,4.59,244315.28,01-01-1970.10:18,,,,,,
67,10,4.59,4.59,244315.28,01-01-1970.10:19,,,,,,
67,10,4.59,4.6,244315.28,01-01-1970.10:20,,,,,,
66.1,10,4.6,4.6,244315.28,01-01-1970.10:21,,,,,,
66,10,4.59,4.6,244315.28,01-01-1970.10:22,,,,,,
66,10,4.59,4.59,244315.28,01-01-1970.10:23,,,,,,
66,10,4.6,4.61,244315.28,01-01-1970.10:24,,,,,,
66,10,4.6,4.6,244315.28,01-01-1970.10:25,,,,,,
66,10,4.6,4.6,244315.28,01-01-1970.10:26,,,,,,
66,10,4.61,4.59,244315.28,01-01-1970.10:27,,,,,,
66,10,4.6,4.61,244315.28,01-01-1970.10:28,,,,,,
66,10,4.6,4.61,244315.28,01-01-1970.10:29,,,,,,
66,10,4.58,4.57,244315.28,01-01-1970.10:30,,,,,,
66,10,4.57,4.56,244315.28,01-01-1970.10:31,,,,,,
66.4,10,4.56,4.56,244315.28,01-01-1970.10:32,,,,,,
67,10,4.57,4.56,244315.28,01-01-1970.10:33,,,,,,
66.1,10,4.57,4.56,244315.28,01-01-1970.10:34,,,,,,
66,10,4.56,4.57,244315.28,01-01-1970.10:35,,,,,,
66,10,4.56,4.56,244315.28,01-01-1970.10:36,,,,,,
66.9,10,4.57,4.55,244315.28,01-01-1970.10:37,,,,,,
67,10,4.56,4.55,244315.28,01-01-1970.10:38,,,,,,
67,10,4.55,4.57,244315.28,01-01-1970.10:39,,,,,,
66.1,10,4.57,4.56,244315.28,01-01-1970.10:40,,,,,,
66,10,4.56,4.56,244315.28,01-01-1970.10:41,,,,,,
66.1,10,4.57,4.56,244315.28,01-01-1970.10:42,,,,,,
66,10,4.57,4.55,244315.28,01-01-1970.10:43,,,,,,
66.4,10,4.57,4.57,244315.28,01-01-1970.10:44,,,,,,
66.5,10,4.57,4.57,244315.28,01-01-1970.10:45,,,,,,
66.1,10,4.56,4.57,244315.28,01-01-1970.10:46,,,,,,
66.1,10,4.57,4.56,244315.28,01-01-1970.10:47,,,,,,
67,10,4.56,4.55,244315.28,01-01-1970.10:48,,,,,,
67,10,4.56,4.57,244315.28,01-01-1970.10:49,,,,,,
67,10,4.56,4.56,244315.28,01-01-1970.10:50,,,,,,
67,10,4.57,4.56,244315.28,01-01-1970.10:51,,,,,,
67,10,4.57,4.57,244315.28,01-01-1970.10:52,,,,,,
67,10,4.56,4.57,244315.28,01-01-1970.10:53,,,,,,
67,10,4.56,4.56,244315.28,01-01-1970.10:54,,,,,,
67,10,4.57,4.57,244315.28,01-01-1970.10:55,,,,,,
67,10,4.56,4.57,244315.28,01-01-1970.10:56,,,,,,
66.1,10,4.56,4.57,244315.28,01-01-1970.10:57,,,,,,
66.1,10,4.56,4.56,244315.28,01-01-1970.10:58,,,,,,
66.9,10,4.57,4.56,244315.28,01-01-1970.10:59,,,,,,
67,10,4.56,4.56,244315.28,01-01-1970.11:00,,,,,,
67,10,4.57,4.57,244315.28,01-01-1970.11:01,,,,,,
66.6,10,4.57,4.55,244315.28,01-01-1970.11:02,,,,,,
67,10,4.57,4.56,244315.28,01-01-1970.11:03,,,,,,
67,10,4.57,4.56,239409.08,01-01-1970.11:04,,,,,,
66.1,10,4.57,4.56,244315.28,01-01-1970.11:05,,,,,,
66,10,4.56,4.55,244315.28,01-01-1970.11:06,,,,,,
66.1,10,4.56,4.56,244315.28,01-01-1970.11:07,,,,,,
66.1,10,4.55,4.55,244315.28,01-01-1970.11:08,,,,,,
66,10,4.56,4.57,244315.28,01-01-1970.11:09,,,,,,
66,10,4.56,4.57,239409.08,01-01-1970.11:10,,,,,,
66,10,4.57,4.57,244315.28,01-01-1970.11:11,,,,,,
66,10,4.56,4.57,244315.28,01-01-1970.11:12,,,,,,
66,10,4.57,4.56,239409.08,01-01-1970.11:13,,,,,,
66,10,4.57,4.56,244315.28,01-01-1970.11:14,,,,,,
66,10,4.56,4.57,244315.28,01-01-1970.11:15,,,,,,
66,10,4.56,4.56,244315.28,01-01-1970.11:16,,,,,,
66,10,4.56,4.57,244315.28,01-01-1970.11:17,,,,,,
66,10,4.57,4.56,244315.28,01-01-1970.11:18,,,,,,
66.9,10,4.57,4.56,244315.28,01-01-1970.11:19,,,,,,
66.9,10,4.57,4.57,244315.28,01-01-1970.11:20,,,,,,
66.1,10,4.56,4.56,244315.28,01-01-1970.11:21,,,,,,
66,10,4.57,4.56,244315.28,01-01-1970.11:22,,,,,,
66,10,4.57,4.56,244315.28,01-01-1970.11:23,,,,,,
66,10,4.56,4.57,244315.28,01-01-1970.11:24,,,,,,
66,10,4.57,4.57,244315.28,01-01-1970.11:25,,,,,,
66,10,4.56,4.57,244315.28,01-01-1970.11:26,,,,,,
66,10,4.55,4.57,244315.28,01-01-1970.11:27,,,,,,
66,10,4.56,4.56,244315.28,01-01-1970.11:28,,,,,,
66,10,4.57,4.57,244315.28,01-01-1970.11:29,,,,,,
66,10,4.57,4.57,244315.28,01-01-1970.11:30,,,,,,
66,10,4.56,4.56,244315.28,01-01-1970.11:31,,,,,,
66,10,4.56,4.56,244315.28,01-01-1970.11:32,,,,,,
66,10,4.56,4.57,244315.28,01-01-1970.11:33,,,,,,
66,10,4.57,4.56,244315.28,01-01-1970.11:35,,,,,,
66,10,4.55,4.57,244315.28,01-01-1970.11:36,,,,,,
66,10,4.57,4.57,244315.28,01-01-1970.11:37,,,,,,
66,10,4.57,4.56,239409.08,01-01-1970.11:38,,,,,,
66.7,10,4.56,4.57,244315.28,01-01-1970.11:39,,,,,,
66.6,10,4.57,4.56,244315.28,01-01-1970.11:40,,,,,,
67,10,4.56,4.56,244315.28,01-01-1970.11:41,,,,,,
66.1,10,4.52,4.52,244315.28,01-01-1970.11:42,,,,,,
66,10,4.52,4.53,244315.28,01-01-1970.11:43,,,,,,
66,10,4.53,4.52,244315.28,01-01-1970.11:44,,,,,,
66,10,4.52,4.52,244315.28,01-01-1970.11:45,,,,,,
66,10,4.53,4.52,244315.28,01-01-1970.11:46,,,,,,
66,10,4.52,4.52,244315.28,01-01-1970.11:47,,,,,,
66,10,4.52,4.52,244315.28,01-01-1970.11:48,,,,,,
66.7,10,4.52,4.52,244315.28,01-01-1970.11:49,,,,,,
66.7,10,4.52,4.52,244315.28,01-01-1970.11:50,,,,,,
66,10,4.52,4.52,244315.28,01-01-1970.11:51,,,,,,
66,10,4.52,4.52,244315.28,01-01-1970.11:52,,,,,,
66,10,4.53,4.52,244315.28,01-01-1970.11:53,,,,,,
66,10,4.52,4.52,244315.28,01-01-1970.11:54,,,,,,
66.9,10,4.52,4.52,244315.28,01-01-1970.11:55,,,,,,
67,10,4.53,4.52,244315.28,01-01-1970.11:56,,,,,,
66.1,10,4.52,4.53,239409.08,01-01-1970.11:57,,,,,,
66.8,10,4.52,4.52,244315.28,01-01-1970.11:58,,,,,,
67,10,4.53,4.53,244315.28,01-01-1970.11:59,,,,,,
67,10,4.52,4.53,239409.08,01-01-1970.12:00,,,,,,
67,10,4.52,4.52,244315.28,01-01-1970.12:01,,,,,,
67,10,4.52,4.52,244315.28,01-01-1970.12:02,,,,,,
66.1,10,4.53,4.52,244315.28,01-01-1970.12:03,,,,,,
66,10,4.53,4.53,244315.28,01-01-1970.12:04,,,,,,
66,10,4.52,4.52,239409.08,01-01-1970.12:05,,,,,,
66,10,4.52,4.53,244315.28,01-01-1970.12:06,,,,,,
66,10,4.53,4.53,244315.28,01-01-1970.12:07,,,,,,
66.6,10,4.52,4.52,239409.08,01-01-1970.12:08,,,,,,
66.3,10,4.52,4.53,234502.88,01-01-1970.12:09,,,,,,
66,10,4.52,4.52,234502.88,01-01-1970.12:10,,,,,,
66,10,4.52,4.52,229596.67,01-01-1970.12:11,,,,,,
66,10,4.52,4.53,224690.45,01-01-1970.12:12,,,,,,
66,10,4.53,4.52,219784.28,01-01-1970.12:13,,,,,,
66,10,4.53,4.52,200159.45,01-01-1970.12:14,,,,,,
66,10,4.52,4.52,195253.23,01-01-1970.12:15,,,,,,
66,10,4.52,4.52,200159.45,01-01-1970.12:16,,,,,,
66,10,4.52,4.53,195253.23,01-01-1970.12:17,,,,,,
66,10,4.53,4.53,195253.23,01-01-1970.12:18,,,,,,
66,10,4.52,4.53,195253.23,01-01-1970.12:19,,,,,,
66,10,4.52,4.52,195253.23,01-01-1970.12:20,,,,,,
66,10,4.52,4.52,195253.23,01-01-1970.12:21,,,,,,
66,10,4.52,4.52,178899.23,01-01-1970.12:22,,,,,,
66,10,4.53,4.52,162545.22,01-01-1970.12:23,,,,,,
66.9,10,4.52,4.52,162545.22,01-01-1970.12:24,,,,,,
67,10,4.52,4.52,141518.59,01-01-1970.12:25,,,,,,
67,10,4.52,4.52,139182.3,01-01-1970.12:26,,,,,,
67,10,4.54,4.53,121660.14,01-01-1970.12:27,,,,,,
67,10,4.52,4.53,121660.14,01-01-1970.12:28,,,,,,
67,10,4.53,4.52,106941.54,01-01-1970.12:29,,,,,,
67,10,4.53,4.53,97129.12,01-01-1970.12:30,,,,,,
66,10,4.52,4.52,83748.56,01-01-1970.12:31,,,,,,
66,10,4.53,4.53,74485.1,01-01-1970.12:32,,,,,,
66,10,4.52,4.52,68159.14,01-01-1970.12:33,,,,,,
66,10,4.52,4.53,59611.07,01-01-1970.12:34,,,,,,
66,10,4.52,4.52,51510.02,01-01-1970.12:35,,,,,,
66,10,4.53,4.52,45730.78,01-01-1970.12:36,,,,,,
66,10,4.53,4.52,39726.51,01-01-1970.12:37,,,,,,
66,10,4.53,4.53,34049.32,01-01-1970.12:38,,,,,,
66,10,4.52,4.53,29668.79,01-01-1970.12:39,,,,,,
66.4,10,4.53,4.53,25598.7,01-01-1970.12:40,,,,,,
67,10,4.52,4.52,21933.23,01-01-1970.12:41,,,,,,
67,10,4.53,4.53,18321.98,01-01-1970.12:42,,,,,,
67,10,4.52,4.52,14961.2,01-01-1970.12:43,,,,,,
66.6,10,4.54,4.52,12019.36,01-01-1970.12:44,,,,,,
67,10,4.53,4.53,9993.71,01-01-1970.12:45,,,,,,
67,10,4.53,4.53,8449.52,01-01-1970.12:46,,,,,,
66.4,10,4.53,4.53,6547.69,01-01-1970.12:47,,,,,,
66.9,10,4.54,4.54,4794.49,01-01-1970.12:48,,,,,,
67,10,4.54,4.54,3633.7,01-01-1970.12:49,,,,,,
66.1,10,4.53,4.52,2933.21,01-01-1970.12:50,,,,,,
66.1,10,4.54,4.53,2516.99,01-01-1970.12:51,,,,,,
66.9,10,4.55,4.55,2471.08,01-01-1970.12:52,,,,,,
67,10,4.53,4.53,2847.05,01-01-1970.12:53,,,,,,
66.7,10,4.54,4.52,3342.98,01-01-1970.12:54,,,,,,
66,10,4.53,4.54,3533.13,01-01-1970.12:55,,,,,,
66,10,4.52,4.54,3506.11,01-01-1970.12:56,,,,,,
66,10,4.53,4.54,3445.01,01-01-1970.12:57,,,,,,
66.5,10,4.52,4.53,3346.78,01-01-1970.12:58,,,,,,
66.2,10,4.53,4.53,3218.15,01-01-1970.12:59,,,,,,
66,10,4.52,4.52,3086.72,01-01-1970.13:00,,,,,,
66,10,4.53,4.53,2963.22,01-01-1970.13:01,,,,,,
66,10,4.53,4.52,2845.49,01-01-1970.13:02,,,,,,
66,10,4.53,4.53,2716.21,01-01-1970.13:03,,,,,,
66,10,4.54,4.53,2560.23,01-01-1970.13:04,,,,,,
66,10,4.52,4.54,2393.27,01-01-1970.13:05,,,,,,
66.8,10,4.53,4.52,2226.42,01-01-1970.13:06,,,,,,
66.6,10,4.54,4.53,2057.08,01-01-1970.13:07,,,,,,
66,10,4.55,4.54,1894.41,01-01-1970.13:08,,,,,,
66.2,10,4.53,4.55,1757.44,01-01-1970.13:09,,,,,,
67,10,4.54,4.54,1639.21,01-01-1970.13:10,,,,,,
67,10,4.54,4.53,1532.68,01-01-1970.13:11,,,,,,
66.3,10,4.54,4.56,1429.62,01-01-1970.13:12,,,,,,
66.4,10,4.55,4.55,1339.63,01-01-1970.13:13,,,,,,
67,10,4.54,4.55,1268.54,01-01-1970.13:14,,,,,,
67,10,4.54,4.55,1203.62,01-01-1970.13:15,,,,,,
67,10,4.54,4.55,1144.18,01-01-1970.13:16,,,,,,
67,10,4.55,4.54,1084.79,01-01-1970.13:17,,,,,,
67,10,4.55,4.55,1033.2,01-01-1970.13:18,,,,,,
67,10,4.55,4.54,984.91,01-01-1970.13:19,,,,,,
67,10,4.54,4.53,939.63,01-01-1970.13:20,,,,,,
67,10,4.55,4.55,900.02,01-01-1970.13:21,,,,,,
67,10,4.56,4.55,866.23,01-01-1970.13:22,,,,,,
67,10,4.55,4.55,839.44,01-01-1970.13:23,,,,,,
67,10,4.54,4.52,810.75,01-01-1970.13:24,,,,,,
67,10,4.51,4.52,777.79,01-01-1970.13:25,,,,,,
67,10,4.52,4.52,740.79,01-01-1970.13:26,,,,,,
67,10,4.52,4.52,703.53,01-01-1970.13:27,,,,,,
67,10,4.52,4.52,669.81,01-01-1970.13:28,,,,,,
67,10,4.52,4.52,645.05,01-01-1970.13:29,,,,,,
67,10,4.52,4.52,622.08,01-01-1970.13:30,,,,,,
67,10,4.52,4.52,596.89,01-01-1970.13:31,,,,,,
67,10,4.51,4.52,571.23,01-01-1970.13:32,,,,,,
67,10,4.52,4.52,546.86,01-01-1970.13:33,,,,,,
67,10,4.52,4.52,525.13,01-01-1970.13:34,,,,,,
67,10,4.52,4.52,504.91,01-01-1970.13:35,,,,,,
67,10,4.52,4.52,489.48,01-01-1970.13:36,,,,,,
67,10,4.52,4.52,480.55,01-01-1970.13:37,,,,,,
67,10,4.53,4.52,476.13,01-01-1970.13:38,,,,,,
67,10,4.52,4.52,470.41,01-01-1970.13:39,,,,,,
67.4,10,4.52,4.52,462.15,01-01-1970.13:40,,,,,,
67,10,4.52,4.52,458.69,01-01-1970.13:41,,,,,,
67,10,4.52,4.52,456.54,01-01-1970.13:42,,,,,,
67,10,4.52,4.52,454.4,01-01-1970.13:43,,,,,,
67,10,4.53,4.52,446.94,01-01-1970.13:44,,,,,,
67,10,4.52,4.52,437.47,01-01-1970.13:45,,,,,,
67,10,4.52,4.52,425.44,01-01-1970.13:46,,,,,,
67,10,4.52,4.53,418.89,01-01-1970.13:47,,,,,,
67,10,4.52,4.52,411.6,01-01-1970.13:48,,,,,,
67,10,4.52,4.52,402.98,01-01-1970.13:49,,,,,,
67,10,4.52,4.53,394.07,01-01-1970.13:50,,,,,,
67,10,4.38,4.39,395.87,01-01-1970.13:51,,,,,,
67,10,4.38,4.38,390.52,01-01-1970.13:52,,,,,,
67,10,4.39,4.38,385.27,01-01-1970.13:53,,,,,,
67,10,4.38,4.39,380.1,01-01-1970.13:54,,,,,,
67,10,4.38,4.39,375.03,01-01-1970.13:55,,,,,,
67.9,10,4.38,4.38,368.4,01-01-1970.13:56,,,,,,
68,10,4.38,4.39,363.53,01-01-1970.13:57,,,,,,
68,10,4.38,4.38,361.92,01-01-1970.13:58,,,,,,
68,10,4.38,4.38,361.92,01-01-1970.13:59,,,,,,
68.3,10,4.39,4.39,360.48,01-01-1970.14:00,,,,,,
69,10,4.38,4.39,358.42,01-01-1970.14:01,,,,,,
68.1,10,4.39,4.38,357.16,01-01-1970.14:02,,,,,,
68,10,4.38,4.39,357.16,01-01-1970.14:03,,,,,,
68.8,10,4.39,4.38,358.74,01-01-1970.14:04,,,,,,
69,10,4.39,4.38,360.32,01-01-1970.14:05,,,,,,
69,10,4.38,4.39,360.01,01-01-1970.14:06,,,,,,
69,10,4.39,4.39,358.74,01-01-1970.14:07,,,,,,
69,10,4.39,4.38,356.69,01-01-1970.14:08,,,,,,
69,10,4.4,4.39,355.59,01-01-1970.14:09,,,,,,
69,10,4.38,4.38,355.43,01-01-1970.14:10,,,,,,
69,10,4.38,4.38,354.03,01-01-1970.14:11,,,,,,
69,10,4.38,4.39,355.43,01-01-1970.14:12,,,,,,
69,10,4.38,4.38,349.25,01-01-1970.14:13,,,,,,
69,10,4.39,4.38,343.35,01-01-1970.14:14,,,,,,
69,10,4.39,4.39,341.85,01-01-1970.14:15,,,,,,
69,10,4.39,4.39,341.85,01-01-1970.14:16,,,,,,
69.2,10,4.39,4.39,340.37,01-01-1970.14:17,,,,,,
69.9,10,4.4,4.39,333.79,01-01-1970.14:18,,,,,,
69.9,10,4.39,4.4,325.82,01-01-1970.14:19,,,,,,
70,10,4.39,4.39,318.08,01-01-1970.14:20,,,,,,
70,10,4.4,4.4,310.97,01-01-1970.14:21,,,,,,
70,10,4.4,4.4,304.05,01-01-1970.14:22,,,,,,
70,10,4.39,4.39,295.69,01-01-1970.14:23,,,,,,
70,10,4.4,4.39,288.2,01-01-1970.14:24,,,,,,
70,10,4.41,4.39,281.41,01-01-1970.14:25,,,,,,
69.9,10,4.39,4.41,273.55,01-01-1970.14:26,,,,,,
70,10,4.42,4.4,263.1,01-01-1970.14:27,,,,,,
70,10,4.42,4.39,253.52,01-01-1970.14:28,,,,,,
70,10,4.41,4.41,245.12,01-01-1970.14:29,,,,,,
70,10,4.41,4.42,238.1,01-01-1970.14:30,,,,,,
70,10,4.42,4.41,232.44,01-01-1970.14:31,,,,,,
70,10,4.42,4.41,225.99,01-01-1970.14:32,,,,,,
69.1,10,4.41,4.42,219.65,01-01-1970.14:33,,,,,,
69,10,4.41,4.42,215.23,01-01-1970.14:34,,,,,,
69.5,10,4.42,4.42,214.36,01-01-1970.14:35,,,,,,
70,10,4.41,4.43,214.01,01-01-1970.14:36,,,,,,
70,10,4.43,4.42,211.25,01-01-1970.14:37,,,,,,
70,10,4.43,4.42,210.05,01-01-1970.14:38,,,,,,
70,10,4.43,4.41,210.05,01-01-1970.14:39,,,,,,
70,10,4.42,4.42,210.05,01-01-1970.14:40,,,,,,
70,10,4.42,4.41,209.8,01-01-1970.14:41,,,,,,
70,10,4.42,4.42,211.76,01-01-1970.14:42,,,,,,
70,10,4.42,4.43,213.49,01-01-1970.14:43,,,,,,
70,10,4.41,4.41,211.76,01-01-1970.14:44,,,,,,
70,10,4.42,4.42,210.91,01-01-1970.14:45,,,,,,
70,10,4.42,4.43,210.91,01-01-1970.14:46,,,,,,
70,10,4.42,4.42,213.49,01-01-1970.14:47,,,,,,
70,10,4.43,4.43,213.49,01-01-1970.14:48,,,,,,
70,10,4.43,4.42,212.62,01-01-1970.14:49,,,,,,
70,10,4.41,4.42,211.76,01-01-1970.14:50,,,,,,
70,10,4.42,4.42,210.22,01-01-1970.14:51,,,,,,
69.4,10,4.42,4.42,208.35,01-01-1970.14:52,,,,,,
69,10,4.42,4.42,205.83,01-01-1970.14:53,,,,,,
69,10,4.43,4.41,206.25,01-01-1970.14:54,,,,,,
69,10,4.43,4.42,205.83,01-01-1970.14:55,,,,,,
69,10,4.43,4.42,205,01-01-1970.14:56,,,,,,
69,10,4.43,4.42,204.75,01-01-1970.14:57,,,,,,
69,10,4.42,4.42,203.34,01-01-1970.14:58,,,,,,
69,10,4.42,4.43,200.88,01-01-1970.14:59,,,,,,
69,10,4.42,4.43,199.5,01-01-1970.15:00,,,,,,
68.1,10,4.42,4.42,199.26,01-01-1970.15:01,,,,,,
68.7,10,4.42,4.43,198.45,01-01-1970.15:02,,,,,,
68.6,10,4.42,4.42,197.65,01-01-1970.15:03,,,,,,
68.8,10,4.43,4.43,196.05,01-01-1970.15:04,,,,,,
68.5,10,4.43,4.43,196.85,01-01-1970.15:05,,,,,,
68,10,4.42,4.42,196.05,01-01-1970.15:06,,,,,,
68.9,10,4.43,4.43,193.29,01-01-1970.15:07,,,,,,
69,10,4.42,4.43,191.34,01-01-1970.15:08,,,,,,
68.8,10.7,4.42,4.43,190.95,01-01-1970.15:09,,,,,,
68,11,4.43,4.43,192.35,01-01-1970.15:10,,,,,,
68,11,4.42,4.43,192.9,01-01-1970.15:11,,,,,,
68,11,4.43,4.43,192.9,01-01-1970.15:12,,,,,,
68,11,4.43,4.43,193.68,01-01-1970.15:13,,,,,,
68,11,4.43,4.43,193.68,01-01-1970.15:14,,,,,,
68,11,4.43,4.43,191.34,01-01-1970.15:15,,,,,,
68,11,4.43,4.42,187.72,01-01-1970.15:16,,,,,,
68,11,4.43,4.43,184.47,01-01-1970.15:17,,,,,,
68,11,4.43,4.42,181.87,01-01-1970.15:19,,,,,,
67.9,11,4.43,4.43,179.3,01-01-1970.15:20,,,,,,
67.5,11,4.43,4.43,177.84,01-01-1970.15:21,,,,,,
68,11,4.43,4.43,176.62,01-01-1970.15:22,,,,,,
67.7,11,4.43,4.43,176.4,01-01-1970.15:23,,,,,,
67.7,11,4.43,4.43,174.26,01-01-1970.15:24,,,,,,
68,11,4.43,4.43,171.51,01-01-1970.15:25,,,,,,
68,11,4.43,4.43,170.74,01-01-1970.15:26,,,,,,
68,11,4.43,4.43,171.44,01-01-1970.15:27,,,,,,
67.7,11,4.43,4.43,172.14,01-01-1970.15:28,,,,,,
67.9,11,4.43,4.43,172.14,01-01-1970.15:29,,,,,,
68,11,4.43,4.43,172.07,01-01-1970.15:30,,,,,,
68,11,4.43,4.43,170.74,01-01-1970.15:31,,,,,,
68,11,4.43,4.43,168.66,01-01-1970.15:32,,,,,,
68,11,4.43,4.43,167.29,01-01-1970.15:33,,,,,,
68,11,4.43,4.43,167.29,01-01-1970.15:34,,,,,,
67.1,11,4.43,4.43,167.29,01-01-1970.15:35,,,,,,
67.7,11,4.43,4.43,167.29,01-01-1970.15:36,,,,,,
68,11,4.43,4.43,167.29,01-01-1970.15:37,,,,,,
68,11,4.43,4.43,166.67,01-01-1970.15:38,,,,,,
67.1,11,4.43,4.43,166.61,01-01-1970.15:39,,,,,,
67.9,11,4.43,4.43,165.93,01-01-1970.15:40,,,,,,
67.3,11,4.43,4.43,164.57,01-01-1970.15:41,,,,,,
67.3,11,4.43,4.43,163.23,01-01-1970.15:42,,,,,,
67,11,4.43,4.43,162.56,01-01-1970.15:43,,,,,,
67,11,4.43,4.43,161.83,01-01-1970.15:44,,,,,,
67,11,4.43,4.43,160.64,01-01-1970.15:45,,,,,,
67,11,4.43,4.43,159.92,01-01-1970.15:46,,,,,,
67,11,4.44,4.43,158.41,01-01-1970.15:47,,,,,,
67,11,4.43,4.43,156.02,01-01-1970.15:48,,,,,,
67,11,4.43,4.43,153.47,01-01-1970.15:49,,,,,,
66.1,11,4.44,4.44,151.58,01-01-1970.15:50,,,,,,
66,11,4.43,4.43,148.96,01-01-1970.15:51,,,,,,
66,11,4.44,4.43,146.94,01-01-1970.15:52,,,,,,
66.7,11,4.43,4.43,145.72,01-01-1970.15:53,,,,,,
66,11,4.44,4.45,144.21,01-01-1970.15:54,,,,,,
66,11,4.43,4.43,143.37,01-01-1970.15:55,,,,,,
66,11,4.43,4.43,143.02,01-01-1970.15:56,,,,,,
65.1,11,4.43,4.43,143.02,01-01-1970.15:57,,,,,,
65.9,11,4.43,4.43,143.02,01-01-1970.15:58,,,,,,
65.9,11,4.43,4.43,143.02,01-01-1970.15:59,,,,,,
65.9,11,4.44,4.44,142.3,01-01-1970.16:00,,,,,,
65.3,11,4.44,4.44,141.24,01-01-1970.16:01,,,,,,
65.5,11,4.44,4.43,140.65,01-01-1970.16:02,,,,,,
66,11.4,4.43,4.43,140.06,01-01-1970.16:03,,,,,,
58.2,11.7,4.61,4.63,126.55,01-01-1970.00:00,,,,,,
64.9,12.1,4.62,4.61,126.55,01-01-1970.00:01,,,,,,
65,12,4.65,4.64,127.09,01-01-1970.00:02,,,,,,
65,12,4.64,4.65,127.47,01-01-1970.00:03,,,,,,
65,12,4.65,4.64,127.09,01-01-1970.00:04,,,,,,
65,12,4.64,4.68,126.55,01-01-1970.00:05,,,,,,
65,12,4.69,4.68,125.47,01-01-1970.00:06,,,,,,
65,12,4.68,4.67,124.03,01-01-1970.00:07,,,,,,
65.7,12,4.68,4.68,123.23,01-01-1970.00:08,,,,,,
66,12,4.73,4.72,123.34,01-01-1970.00:09,,,,,,
65.4,12,4.73,4.72,122.81,01-01-1970.00:10,,,,,,
65,12,4.72,4.72,122.86,01-01-1970.00:11,,,,,,
65,12,4.73,4.72,122.33,01-01-1970.00:12,,,,,,
65,12,4.72,4.72,121.75,01-01-1970.00:13,,,,,,
65,12,4.72,4.72,121.75,01-01-1970.00:14,,,,,,
65,12,4.72,4.72,122.28,01-01-1970.00:15,,,,,,
65,12,4.72,4.72,123.34,01-01-1970.00:16,,,,,,
65,12.4,4.72,4.72,124.4,01-01-1970.00:17,,,,,,
65,12.9,4.72,4.72,125.42,01-01-1970.00:19,,,,,,
65,12.9,4.74,4.74,126.55,01-01-1970.00:20,,,,,,
65.9,13,4.75,4.75,128.45,01-01-1970.00:21,,,,,,
66,13,4.76,4.73,130.21,01-01-1970.00:22,,,,,,
66,13,4.74,4.75,130.93,01-01-1970.00:23,,,,,,
65.1,13,4.73,4.74,130.38,01-01-1970.00:24,,,,,,
65,13,4.74,4.73,129.55,01-01-1970.00:25,,,,,,
65,13,4.74,4.72,128.72,01-01-1970.00:26,,,,,,
65,13,4.73,4.74,127.74,01-01-1970.00:27,,,,,,
65,13,4.73,4.72,127.63,01-01-1970.00:28,,,,,,
65.1,13,4.73,4.73,127.14,01-01-1970.00:29,,,,,,
64.3,13,4.73,4.73,127.41,01-01-1970.00:30,,,,,,
64.9,13,4.75,4.75,127.09,01-01-1970.00:31,,,,,,
65,13,4.73,4.75,126.06,01-01-1970.00:32,,,,,,
65,13,4.73,4.75,124.93,01-01-1970.00:33,,,,,,
65,13,4.72,4.74,122.81,01-01-1970.00:34,,,,,,
64.1,13,4.74,4.77,121.23,01-01-1970.00:35,,,,,,
64,13,4.78,4.77,119.1,01-01-1970.00:36,,,,,,
64,13,4.77,4.77,115.93,01-01-1970.00:37,,,,,,
64,13,4.78,4.78,116.59,01-01-1970.00:38,,,,,,
64,13,4.78,4.77,116.59,01-01-1970.00:39,,,,,,
64,13,4.78,4.77,117.35,01-01-1970.00:40,,,,,,
64.3,13,4.77,4.77,118.12,01-01-1970.00:41,,,,,,
64.9,13,4.77,4.78,118.12,01-01-1970.00:42,,,,,,
64.1,13,4.77,4.77,117.66,01-01-1970.00:43,,,,,,
64,13,4.77,4.78,116.59,01-01-1970.00:44,,,,,,
64,13,4.77,4.77,115.58,01-01-1970.00:45,,,,,,
64.3,13,4.77,4.78,113.92,01-01-1970.00:46,,,,,,
64,13,4.77,4.81,112.13,01-01-1970.00:47,,,,,,
64.5,13,4.82,4.82,113.17,01-01-1970.00:48,,,,,,
64.1,13,4.82,4.81,113.62,01-01-1970.00:49,,,,,,
64,13,4.81,4.82,115.07,01-01-1970.00:50,,,,,,
63.3,13,4.81,4.82,116.54,01-01-1970.00:51,,,,,,
63.9,13,4.82,4.82,118.63,01-01-1970.00:52,,,,,,
64,13,4.82,4.82,120.19,01-01-1970.00:53,,,,,,
64,13,4.81,4.82,121.7,01-01-1970.00:54,,,,,,
64,13,4.81,4.81,122.28,01-01-1970.00:55,,,,,,
64,13,4.81,4.82,121.75,01-01-1970.00:56,,,,,,
64,13,4.82,4.82,120.03,01-01-1970.00:57,,,,,,
64,13,4.82,4.81,119.15,01-01-1970.00:58,,,,,,
64,13,4.82,4.82,118.07,01-01-1970.00:59,,,,,,
64.2,13,4.82,4.82,115.12,01-01-1970.01:00,,,,,,
64,13,4.82,4.82,113.07,01-01-1970.01:01,,,,,,
64,13,4.85,4.86,113.62,01-01-1970.01:02,,,,,,
64,13,4.86,4.86,114.57,01-01-1970.01:03,,,,,,
64.3,13,4.86,4.86,112.33,01-01-1970.01:04,,,,,,
64,13,4.87,4.87,109.63,01-01-1970.01:05,,,,,,
64,13,4.86,4.86,108.66,01-01-1970.01:06,,,,,,
64.1,13,4.86,4.86,108.18,01-01-1970.01:07,,,,,,
64,13,4.87,4.86,110.12,01-01-1970.01:08,,,,,,
64.3,13.7,4.87,4.86,109.92,01-01-1970.01:09,,,,,,
64,14,4.87,4.86,109.14,01-01-1970.01:10,,,,,,
63.8,14,4.86,4.86,107.7,01-01-1970.01:11,,,,,,
64.2,14,4.86,4.86,103.91,01-01-1970.01:12,,,,,,
64.3,14,4.87,4.87,99.98,01-01-1970.01:13,,,,,,
63.1,14,4.89,4.9,96.77,01-01-1970.01:14,,,,,,
63,14,4.89,4.9,98.89,01-01-1970.01:15,,,,,,
63,14,4.89,4.9,100.66,01-01-1970.01:16,,,,,,
63,14,4.9,4.88,100.66,01-01-1970.01:17,,,,,,
62.4,14,4.89,4.89,100.2,01-01-1970.01:18,,,,,,
62.5,14,4.89,4.89,100.16,01-01-1970.01:19,,,,,,
62.1,14,4.89,4.89,100.25,01-01-1970.01:20,,,,,,
62.1,14,4.95,4.93,101.12,01-01-1970.01:21,,,,,,
62.2,14,4.94,4.92,102.51,01-01-1970.01:22,,,,,,
62,14,4.93,4.94,102.51,01-01-1970.01:23,,,,,,
62.5,14,4.93,4.93,102.97,01-01-1970.01:24,,,,,,
63,14,4.92,4.93,103.11,01-01-1970.01:25,,,,,,
62.1,14,4.92,4.93,103.44,01-01-1970.01:26,,,,,,
62,14,4.93,4.92,102.97,01-01-1970.01:27,,,,,,
62,14,4.94,4.92,102.51,01-01-1970.01:28,,,,,,
62,14,4.93,4.93,102.51,01-01-1970.01:29,,,,,,
62,14,4.93,4.92,102.51,01-01-1970.01:30,,,,,,
61.8,14,4.93,4.92,102.97,01-01-1970.01:31,,,,,,
61.9,14,4.94,4.93,102.97,01-01-1970.01:32,,,,,,
61.3,14,4.94,4.91,103.44,01-01-1970.01:33,,,,,,
61.8,14,4.93,4.93,103.39,01-01-1970.01:34,,,,,,
62,14,4.92,4.93,102.97,01-01-1970.01:35,,,,,,
62,14,4.93,4.93,102.97,01-01-1970.01:36,,,,,,
62,14,4.93,4.96,102.97,01-01-1970.01:37,,,,,,
61.5,14,4.97,4.98,102.51,01-01-1970.01:38,,,,,,
62,14,4.98,4.97,101.58,01-01-1970.01:39,,,,,,
62,14,4.98,4.96,101.49,01-01-1970.01:40,,,,,,
61.1,14,4.97,4.97,101.58,01-01-1970.01:41,,,,,,
62,14,4.97,4.96,102.04,01-01-1970.01:42,,,,,,
62,14,4.97,4.97,102.46,01-01-1970.01:43,,,,,,
62,14,4.97,4.97,102.51,01-01-1970.01:44,,,,,,
62,14,4.97,4.97,102.88,01-01-1970.01:45,,,,,,
62,14,4.97,4.96,102.51,01-01-1970.01:46,,,,,,
62,14,4.97,5,102.32,01-01-1970.01:47,,,,,,
61.8,14,5.01,5.01,102.04,01-01-1970.01:48,,,,,,
61.1,14,5.01,5.01,102.04,01-01-1970.01:49,,,,,,
61,14,5.01,5.01,102.04,01-01-1970.01:50,,,,,,
61,14,5,5.01,102.51,01-01-1970.01:51,,,,,,
61,14,5,5.01,102.97,01-01-1970.01:52,,,,,,
61,14,5.01,5.01,103.44,01-01-1970.01:53,,,,,,
61,14,5.01,5.01,103.44,01-01-1970.01:54,,,,,,
61.1,14,5.01,5.01,103.44,01-01-1970.01:55,,,,,,
61,14,5.01,5.01,103.11,01-01-1970.01:56,,,,,,
61.3,14,5,5,103.44,01-01-1970.01:57,,,,,,
61.1,14,5.01,5.01,104.14,01-01-1970.01:58,,,,,,
61.5,14,4.99,5.01,104.56,01-01-1970.01:59,,,,,,
60.9,14,5,5.01,104.84,01-01-1970.02:00,,,,,,
60.8,14,5,4.99,104.84,01-01-1970.02:01,,,,,,
60.1,14,5,5,104.84,01-01-1970.02:02,,,,,,
60.6,14,5,5.01,104.84,01-01-1970.02:03,,,,,,
60.5,14,5.01,5,104.37,01-01-1970.02:04,,,,,,
60.1,14,5.03,5.03,104.37,01-01-1970.02:05,,,,,,
61,14,5.03,5.05,103.91,01-01-1970.02:06,,,,,,
61,14,5.03,5.04,103.44,01-01-1970.02:07,,,,,,
61,14,5.04,5.04,102.97,01-01-1970.02:08,,,,,,
61,14,5.03,5.04,102.51,01-01-1970.02:09,,,,,,
60.1,14,5.04,5.03,102.04,01-01-1970.02:10,,,,,,
60.9,14,5.03,5.04,101.58,01-01-1970.02:11,,,,,,
61.2,14,5.03,5.04,101.12,01-01-1970.02:12,,,,,,
61.1,14,5.04,5.04,100.2,01-01-1970.02:13,,,,,,
60.4,14,5.04,5.04,100.2,01-01-1970.02:14,,,,,,
61,14,5.04,5.04,99.75,01-01-1970.02:15,,,,,,
61,14,5.05,5.05,100.07,01-01-1970.02:16,,,,,,
61,14,5.03,5.04,99.75,01-01-1970.02:17,,,,,,
61.3,14,5.04,5.03,99.29,01-01-1970.02:18,,,,,,
61.9,14,5.03,5.06,99.29,01-01-1970.02:19,,,,,,
62,14,5.04,5.04,99.61,01-01-1970.02:20,,,,,,
62.3,14,5.04,5.05,99.75,01-01-1970.02:21,,,,,,
62,14.9,5.04,5.03,99.29,01-01-1970.02:22,,,,,,
62,15,5.03,5.04,98.84,01-01-1970.02:23,,,,,,
60.5,15,5.03,5.03,98.39,01-01-1970.02:24,,,,,,
60.9,15,5.03,5.04,98.43,01-01-1970.02:25,,,,,,
61,14.6,5.06,5.04,97.58,01-01-1970.02:26,,,,,,
61,15,5.06,5.04,96.59,01-01-1970.02:27,,,,,,
60.9,15,5.04,5.05,95.88,01-01-1970.02:28,,,,,,
61,15,5.03,5.04,94.73,01-01-1970.02:29,,,,,,
60.4,15,5.03,5.05,94.82,01-01-1970.02:30,,,,,,
61,15,5.08,5.08,95.35,01-01-1970.02:31,,,,,,
60.3,15,5.08,5.07,96.15,01-01-1970.02:32,,,,,,
60,15,5.08,5.08,96.19,01-01-1970.02:33,,,,,,
60.1,15,5.07,5.07,97.22,01-01-1970.02:34,,,,,,
60.9,14.5,5.07,5.08,96.73,01-01-1970.02:35,,,,,,
61,15,5.09,5.07,93.5,01-01-1970.02:36,,,,,,
60.9,15,5.09,5.08,94.95,01-01-1970.02:37,,,,,,
60.4,14.7,5.08,5.08,94.25,01-01-1970.02:38,,,,,,
60,14.2,5.07,5.08,96.15,01-01-1970.02:39,,,,,,
60,14.1,5.09,5.09,96.59,01-01-1970.02:40,,,,,,
60,14,5.07,5.09,97.49,01-01-1970.02:41,,,,,,
60.9,14.1,5.09,5.07,98.84,01-01-1970.02:42,,,,,,
61,14.9,5.07,5.08,100.57,01-01-1970.02:43,,,,,,
61,15,5.08,5.08,99.75,01-01-1970.02:44,,,,,,
61.3,15,5.09,5.08,98.84,01-01-1970.02:45,,,,,,
60.1,15,5.09,5.07,98.39,01-01-1970.02:46,,,,,,
60,15,5.08,5.07,97.49,01-01-1970.02:47,,,,,,
60.9,15,5.08,5.08,97.49,01-01-1970.02:48,,,,,,
61.3,15,5.08,5.08,97.94,01-01-1970.02:49,,,,,,
61.1,15,5.09,5.09,98.39,01-01-1970.02:50,,,,,,
61,15,5.07,5.07,98.84,01-01-1970.02:51,,,,,,
61,15,5.08,5.08,98.84,01-01-1970.02:52,,,,,,
60.2,15,5.09,5.08,99.29,01-01-1970.02:53,,,,,,
60.1,15,5.08,5.07,99.29,01-01-1970.02:54,,,,,,
60,15,5.08,5.08,99.29,01-01-1970.02:55,,,,,,
60.9,15,5.08,5.09,99.52,01-01-1970.02:56,,,,,,
60.2,15,5.08,5.09,99.79,01-01-1970.02:57,,,,,,
60.8,15,5.09,5.09,99.93,01-01-1970.02:58,,,,,,
60.9,15,5.07,5.07,99.75,01-01-1970.02:59,,,,,,
61,15,5.06,5.09,99.29,01-01-1970.03:00,,,,,,
61.1,15,5.09,5.08,99.34,01-01-1970.03:01,,,,,,
61,15,5.08,5.08,99.29,01-01-1970.03:02,,,,,,
61.9,15,5.1,5.08,99.29,01-01-1970.03:03,,,,,,
61.8,15,5.08,5.08,99.29,01-01-1970.03:04,,,,,,
61,15,5.09,5.08,98.89,01-01-1970.03:05,,,,,,
61,15,5.09,5.08,98.84,01-01-1970.03:06,,,,,,
61,15,5.09,5.08,98.39,01-01-1970.03:07,,,,,,
61,15,5.09,5.08,98.39,01-01-1970.03:08,,,,,,
61,15,5.11,5.12,98.84,01-01-1970.03:09,,,,,,
61,15,5.12,5.11,99.29,01-01-1970.03:10,,,,,,
61,15,5.11,5.13,99.7,01-01-1970.03:11,,,,,,
61.9,15,5.11,5.12,99.38,01-01-1970.03:12,,,,,,
62,15,5.12,5.11,99.29,01-01-1970.03:13,,,,,,
62,15,5.12,5.12,99.29,01-01-1970.03:14,,,,,,
62,15,5.11,5.11,99.29,01-01-1970.03:15,,,,,,
62.6,15,5.12,5.11,98.84,01-01-1970.03:16,,,,,,
62.1,15,5.11,5.11,98.39,01-01-1970.03:17,,,,,,
62,15,5.13,5.11,98.39,01-01-1970.03:18,,,,,,
61.6,15,5.11,5.12,98.39,01-01-1970.03:19,,,,,,
62,15,5.12,5.11,98.43,01-01-1970.03:20,,,,,,
62,15,5.11,5.12,98.84,01-01-1970.03:21,,,,,,
62,15,5.11,5.12,98.84,01-01-1970.03:22,,,,,,
61.4,15,5.12,5.11,98.84,01-01-1970.03:23,,,,,,
61,15,5.13,5.13,98.84,01-01-1970.03:24,,,,,,
61.9,15,5.12,5.12,98.84,01-01-1970.03:25,,,,,,
61.1,15,5.11,5.11,98.84,01-01-1970.03:26,,,,,,
61.1,15,5.12,5.12,98.84,01-01-1970.03:27,,,,,,
61,15,5.11,5.12,98.84,01-01-1970.03:28,,,,,,
61,15,5.12,5.12,98.39,01-01-1970.03:29,,,,,,
61,15,5.11,5.12,98.84,01-01-1970.03:30,,,,,,
61,15,5.11,5.12,98.84,01-01-1970.03:31,,,,,,
60.8,15,5.12,5.12,99.02,01-01-1970.03:32,,,,,,
60.4,15,5.11,5.12,99.29,01-01-1970.03:33,,,,,,
61,15,5.12,5.12,98.84,01-01-1970.03:34,,,,,,
61,15,5.12,5.11,98.39,01-01-1970.03:35,,,,,,
60.1,15,5.12,5.14,98.39,01-01-1970.03:36,,,,,,
59.9,15,5.12,5.12,98.39,01-01-1970.03:37,,,,,,
59.6,15,5.12,5.12,98.39,01-01-1970.03:38,,,,,,
60.2,15,5.12,5.11,98.43,01-01-1970.03:39,,,,,,
60,15,5.12,5.11,98.84,01-01-1970.03:40,,,,,,
60,15,5.12,5.11,98.61,01-01-1970.03:41,,,,,,
60,15,5.13,5.12,98.48,01-01-1970.03:42,,,,,,
60,15,5.13,5.13,98.39,01-01-1970.03:43,,,,,,
60,15,5.12,5.12,98.39,01-01-1970.03:44,,,,,,
59,15,5.13,5.12,98.39,01-01-1970.03:45,,,,,,
59.5,15,5.13,5.13,97.94,01-01-1970.03:46,,,,,,
59.5,15,5.13,5.12,97.49,01-01-1970.03:47,,,,,,
59.9,15,5.12,5.12,97.04,01-01-1970.03:48,,,,,,
60,15,5.12,5.12,97.04,01-01-1970.03:49,,,,,,
59.1,15,5.12,5.12,97.04,01-01-1970.03:50,,,,,,
58.5,15,5.13,5.12,97.49,01-01-1970.03:51,,,,,,
58,15,5.11,5.11,97.49,01-01-1970.03:52,,,,,,
58,15,5.12,5.12,97.8,01-01-1970.03:53,,,,,,
58,15,5.14,5.11,97.94,01-01-1970.03:54,,,,,,
58,15,5.14,5.12,98.07,01-01-1970.03:55,,,,,,
57.1,15,5.11,5.12,98.39,01-01-1970.03:56,,,,,,
57,15,5.13,5.12,98.84,01-01-1970.03:57,,,,,,
57,15,5.12,5.12,99.43,01-01-1970.03:58,,,,,,
57,15,5.13,5.12,100.2,01-01-1970.03:59,,,,,,
57,15,5.12,5.12,100.43,01-01-1970.04:00,,,,,,
57,15,5.12,5.12,100.2,01-01-1970.04:01,,,,,,
57,15,5.12,5.12,99.79,01-01-1970.04:02,,,,,,
57,15,5.12,5.12,99.75,01-01-1970.04:03,,,,,,
57,15,5.17,5.17,99.75,01-01-1970.04:04,,,,,,
57,15,5.17,5.17,99.48,01-01-1970.04:06,,,,,,
57,15,5.17,5.18,99.52,01-01-1970.04:07,,,,,,
57,15,5.16,5.17,99.75,01-01-1970.04:08,,,,,,
57.9,15,5.17,5.16,100.2,01-01-1970.04:09,,,,,,
57.1,15,5.17,5.16,100.8,01-01-1970.04:10,,,,,,
57.2,15,5.17,5.17,101.12,01-01-1970.04:11,,,,,,
57,15,5.17,5.16,101.58,01-01-1970.04:12,,,,,,
57,15,5.16,5.19,102.09,01-01-1970.04:13,,,,,,
57.9,15,5.17,5.17,102.51,01-01-1970.04:14,,,,,,
58,15,5.17,5.17,102.51,01-01-1970.04:15,,,,,,
58,15,5.16,5.16,102.51,01-01-1970.04:16,,,,,,
57.7,15,5.16,5.16,102.14,01-01-1970.04:17,,,,,,
57.1,15,5.17,5.17,102.51,01-01-1970.04:18,,,,,,
57.9,15,5.17,5.17,102.97,01-01-1970.04:19,,,,,,
58,15,5.18,5.16,103.81,01-01-1970.04:20,,,,,,
58,15,5.17,5.18,104.28,01-01-1970.04:21,,,,,,
58.3,15,5.16,5.16,104.84,01-01-1970.04:22,,,,,,
58,15,5.16,5.16,105.79,01-01-1970.04:23,,,,,,
58,15,5.17,5.17,106.74,01-01-1970.04:24,,,,,,
57.1,15,5.17,5.16,107.17,01-01-1970.04:25,,,,,,
57,15,5.17,5.16,107.22,01-01-1970.04:26,,,,,,
57,15,5.18,5.17,106.79,01-01-1970.04:27,,,,,,
57,15,5.17,5.16,106.74,01-01-1970.04:28,,,,,,
57,15,5.17,5.17,106.74,01-01-1970.04:29,,,,,,
57.9,15,5.17,5.17,107.22,01-01-1970.04:30,,,,,,
57.1,15,5.16,5.17,107.27,01-01-1970.04:31,,,,,,
57.7,15,5.16,5.17,108.18,01-01-1970.04:32,,,,,,
58,15,5.16,5.17,108.66,01-01-1970.04:33,,,,,,
58,15,5.17,5.16,109.14,01-01-1970.04:34,,,,,,
58,15,5.17,5.17,109.14,01-01-1970.04:35,,,,,,
58.7,15,5.17,5.16,108.66,01-01-1970.04:36,,,,,,
58.9,15,5.16,5.17,108.18,01-01-1970.04:37,,,,,,
58.2,15,5.17,5.16,107.7,01-01-1970.04:38,,,,,,
58.1,15,5.17,5.18,107.31,01-01-1970.04:39,,,,,,
57.5,15,5.17,5.17,107.22,01-01-1970.04:40,,,,,,
57.2,15,5.19,5.16,107.7,01-01-1970.04:41,,,,,,
58,15,5.16,5.16,107.7,01-01-1970.04:42,,,,,,
58,15,5.16,5.16,108.18,01-01-1970.04:43,,,,,,
58,15,5.17,5.17,108.66,01-01-1970.04:44,,,,,,
58,15,5.16,5.16,108.18,01-01-1970.04:45,,,,,,
58,15,5.16,5.17,108.18,01-01-1970.04:46,,,,,,
58,15,5.16,5.16,108.66,01-01-1970.04:47,,,,,,
57.3,15,5.17,5.16,109.14,01-01-1970.04:48,,,,,,
57.9,15,5.16,5.17,110.12,01-01-1970.04:49,,,,,,
58,15,5.17,5.17,110.61,01-01-1970.04:50,,,,,,
58.3,15,5.16,5.17,110.12,01-01-1970.04:51,,,,,,
58,15,5.16,5.17,108.95,01-01-1970.04:52,,,,,,
58,15,5.18,5.17,108.56,01-01-1970.04:53,,,,,,
58,15,5.17,5.17,108.18,01-01-1970.04:54,,,,,,
58,15,5.16,5.16,108.18,01-01-1970.04:55,,,,,,
58,15,5.17,5.16,108.18,01-01-1970.04:56,,,,,,
58,15,5.18,5.17,107.99,01-01-1970.04:57,,,,,,
58.9,15,5.17,5.17,108.18,01-01-1970.04:58,,,,,,
58.1,15,5.16,5.16,108.66,01-01-1970.04:59,,,,,,
58,15,5.17,5.16,109.63,01-01-1970.05:00,,,,,,
58,15,5.17,5.16,110.26,01-01-1970.05:01,,,,,,
58,15,5.16,5.17,110.9,01-01-1970.05:02,,,,,,
58,15,5.17,5.18,111.1,01-01-1970.05:03,,,,,,
58,15,5.16,5.17,110.61,01-01-1970.05:04,,,,,,
58,15,5.17,5.16,110.12,01-01-1970.05:05,,,,,,
58.9,15,5.19,5.17,110.61,01-01-1970.05:06,,,,,,
58,15,5.19,5.16,111.1,01-01-1970.05:07,,,,,,
57.6,15,5.16,5.18,111.34,01-01-1970.05:08,,,,,,
57.2,15,5.16,5.16,111.59,01-01-1970.05:09,,,,,,
57.4,15,5.16,5.16,111.1,01-01-1970.05:10,,,,,,
57.9,15,5.18,5.17,110.51,01-01-1970.05:11,,,,,,
57.3,15,5.17,5.17,110.12,01-01-1970.05:12,,,,,,
57.2,15,5.16,5.17,110.41,01-01-1970.05:13,,,,,,
57,15,5.18,5.18,111.59,01-01-1970.05:14,,,,,,
57,15,5.17,5.18,112.57,01-01-1970.05:15,,,,,,
57,15,5.17,5.17,113.07,01-01-1970.05:16,,,,,,
57,15,5.17,5.17,113.67,01-01-1970.05:17,,,,,,
56.1,15,5.16,5.16,114.07,01-01-1970.05:18,,,,,,
56,15,5.17,5.17,114.57,01-01-1970.05:19,,,,,,
56,15,5.17,5.17,114.92,01-01-1970.05:20,,,,,,
56,15,5.17,5.17,114.87,01-01-1970.05:21,,,,,,
56.1,15,5.18,5.17,114.57,01-01-1970.05:22,,,,,,
56.9,15,5.17,5.17,114.07,01-01-1970.05:23,,,,,,
56.7,15,5.17,5.17,114.57,01-01-1970.05:24,,,,,,
56.9,15,5.17,5.17,115.58,01-01-1970.05:25,,,,,,
57,15,5.17,5.17,116.59,01-01-1970.05:26,,,,,,
57,15,5.16,5.17,117.61,01-01-1970.05:27,,,,,,
57,15,5.18,5.16,117.61,01-01-1970.05:28,,,,,,
57,15,5.16,5.16,117.61,01-01-1970.05:29,,,,,,
56.1,15,5.18,5.16,117.66,01-01-1970.05:30,,,,,,
56,15,5.18,5.17,117.61,01-01-1970.05:31,,,,,,
56.1,15,5.17,5.17,117.61,01-01-1970.05:32,,,,,,
56.2,15,5.17,5.17,118.12,01-01-1970.05:33,,,,,,
56.9,15,5.16,5.16,119.15,01-01-1970.05:34,,,,,,
56.4,15,5.16,5.18,120.03,01-01-1970.05:35,,,,,,
56,15,5.18,5.17,120.71,01-01-1970.05:36,,,,,,
55.1,15,5.17,5.17,121.23,01-01-1970.05:37,,,,,,
55,15,5.16,5.16,121.23,01-01-1970.05:38,,,,,,
55.8,15,5.17,5.16,121.23,01-01-1970.05:39,,,,,,
56,15,5.16,5.17,121.75,01-01-1970.05:40,,,,,,
55.1,15,5.16,5.16,121.81,01-01-1970.05:41,,,,,,
55.8,15,5.16,5.16,122.28,01-01-1970.05:42,,,,,,
56,14.8,5.17,5.17,122.28,01-01-1970.05:43,,,,,,
56,15,5.17,5.16,122.28,01-01-1970.05:44,,,,,,
56.9,15,5.17,5.16,122.28,01-01-1970.05:45,,,,,,
57,15,5.17,5.17,122.81,01-01-1970.05:46,,,,,,
56,15,5.17,5.17,123.34,01-01-1970.05:47,,,,,,
56.6,15,5.17,5.17,123.81,01-01-1970.05:48,,,,,,
55.1,15,5.16,5.16,123.87,01-01-1970.05:49,,,,,,
55,15,5.17,5.17,123.97,01-01-1970.05:50,,,,,,
55,15,5.18,5.16,124.93,01-01-1970.05:51,,,,,,
55.9,15,5.16,5.17,126.01,01-01-1970.05:52,,,,,,
56,15,5.17,5.17,126.55,01-01-1970.05:53,,,,,,
55.3,15,5.17,5.16,127.09,01-01-1970.05:54,,,,,,
55,15,5.17,5.17,127.09,01-01-1970.05:55,,,,,,
55.9,15,5.17,5.18,126.55,01-01-1970.05:56,,,,,,
55.1,15,5.16,5.17,126.6,01-01-1970.05:57,,,,,,
55.8,15,5.18,5.17,127.09,01-01-1970.05:58,,,,,,
55.5,15,5.18,5.18,128.18,01-01-1970.05:59,,,,,,
55.6,15,5.17,5.17,129.27,01-01-1970.06:00,,,,,,
56,15,5.17,5.18,129.82,01-01-1970.06:01,,,,,,
56,15,5.17,5.16,129.82,01-01-1970.06:02,,,,,,
56,15,5.17,5.17,129.27,01-01-1970.06:03,,,,,,
56,15,5.16,5.17,129,01-01-1970.06:04,,,,,,
56,15,5.17,5.16,128.72,01-01-1970.06:05,,,,,,
55.1,15,5.16,5.16,129.27,01-01-1970.06:06,,,,,,
55.3,15,5.17,5.17,130.15,01-01-1970.06:07,,,,,,
56,15,5.16,5.16,131.49,01-01-1970.06:08,,,,,,
55.1,15,5.16,5.16,132.04,01-01-1970.06:09,,,,,,
54.1,15,5.16,5.17,132.04,01-01-1970.06:10,,,,,,
54.9,15,5.16,5.16,131.49,01-01-1970.06:11,,,,,,
54.6,15,5.17,5.16,130.93,01-01-1970.06:12,,,,,,
55,15,5.17,5.17,130.93,01-01-1970.06:13,,,,,,
54.7,15,5.16,5.16,131.1,01-01-1970.06:14,,,,,,
54.1,15,5.16,5.16,131.49,01-01-1970.06:15,,,,,,
54.3,15,5.17,5.16,131.99,01-01-1970.06:16,,,,,,
54.1,15,5.17,5.16,132.6,01-01-1970.06:17,,,,,,
54.1,15,5.17,5.17,133.17,01-01-1970.06:18,,,,,,
54.5,15,5.17,5.16,133.73,01-01-1970.06:19,,,,,,
55,15,5.17,5.16,134.3,01-01-1970.06:20,,,,,,
54.1,15,5.16,5.16,135.43,01-01-1970.06:21,,,,,,
54,15,5.17,5.17,136.98,01-01-1970.06:22,,,,,,
54,15,5.16,5.16,138.31,01-01-1970.06:23,,,,,,
53.1,15,5.16,5.17,139.47,01-01-1970.06:24,,,,,,
52.4,15,5.16,5.16,140.06,01-01-1970.06:25,,,,,,
52,15,5.16,5.17,141.24,01-01-1970.06:26,,,,,,
51.9,14.1,5.17,5.16,141.83,01-01-1970.06:27,,,,,,
52,14,5.16,5.17,141.83,01-01-1970.06:28,,,,,,
52,14,5.16,5.17,141.83,01-01-1970.06:29,,,,,,
51.6,14,5.16,5.17,141.77,01-01-1970.06:30,,,,,,
51.8,14,5.17,5.16,141.83,01-01-1970.06:31,,,,,,
52,14,5.18,5.18,143.02,01-01-1970.06:32,,,,,,
52.4,14,5.17,5.16,144.21,01-01-1970.06:33,,,,,,
52,14,5.18,5.17,146.09,01-01-1970.06:34,,,,,,
52,14,5.17,5.17,148.47,01-01-1970.06:35,,,,,,
51,14,5.16,5.16,150.95,01-01-1970.06:36,,,,,,
51,14,5.16,5.16,152.65,01-01-1970.06:37,,,,,,
51.3,14,5.16,5.16,153.53,01-01-1970.06:38,,,,,,
51.6,14,5.16,5.15,155.25,01-01-1970.06:39,,,,,,
52,14,5.16,5.16,156.66,01-01-1970.06:40,,,,,,
52.8,14,5.16,5.16,157.96,01-01-1970.06:41,,,,,,
52.1,14,5.15,5.16,159.26,01-01-1970.06:42,,,,,,
52,14,5.16,5.16,160.11,01-01-1970.06:43,,,,,,
52.3,14,5.15,5.16,160.38,01-01-1970.06:44,,,,,,
51.1,14,5.16,5.16,159.46,01-01-1970.06:45,,,,,,
51,14,5.16,5.15,158.61,01-01-1970.06:46,,,,,,
51,14,5.16,5.16,157.96,01-01-1970.06:47,,,,,,
51,14,5.17,5.16,157.96,01-01-1970.06:48,,,,,,
51,14,5.16,5.16,159.26,01-01-1970.06:49,,,,,,
51,14,5.15,5.16,160.57,01-01-1970.06:50,,,,,,
51,14,5.16,5.16,161.96,01-01-1970.06:51,,,,,,
51,14,5.16,5.16,163.77,01-01-1970.06:52,,,,,,
51,14,5.16,5.16,165.05,01-01-1970.06:53,,,,,,
51,14,5.16,5.15,165.93,01-01-1970.06:54,,,,,,
51.9,14,5.16,5.16,165.93,01-01-1970.06:55,,,,,,
52,14,5.16,5.16,166.54,01-01-1970.06:56,,,,,,
52,14,5.16,5.16,167.29,01-01-1970.06:57,,,,,,
52,14,5.16,5.16,169.42,01-01-1970.06:58,,,,,,
52,14,5.16,5.16,171.51,01-01-1970.06:59,,,,,,
52.9,14,5.16,5.16,172.84,01-01-1970.07:00,,,,,,
53,14,5.16,5.15,173.55,01-01-1970.07:01,,,,,,
53,14,5.16,5.15,173.69,01-01-1970.07:02,,,,,,
53,14,5.16,5.16,173.55,01-01-1970.07:03,,,,,,
53.1,14,5.16,5.15,174.97,01-01-1970.07:04,,,,,,
53,14,5.16,5.16,175.68,01-01-1970.07:05,,,,,,
53,14,5.15,5.15,177.12,01-01-1970.07:06,,,,,,
53,14,5.16,5.15,178.57,01-01-1970.07:07,,,,,,
52.1,14,5.15,5.15,180.03,01-01-1970.07:08,,,,,,
52,14,5.15,5.15,180.76,01-01-1970.07:09,,,,,,
52,14,5.15,5.15,181.57,01-01-1970.07:10,,,,,,
52,14,5.16,5.16,182.24,01-01-1970.07:11,,,,,,
51.3,14,5.14,5.16,180.03,01-01-1970.07:12,,,,,,
51,14,5.16,5.15,177.12,01-01-1970.07:13,,,,,,
51,14,5.16,5.15,174.97,01-01-1970.07:14,,,,,,
50.1,14,5.16,5.15,174.26,01-01-1970.07:15,,,,,,
49.1,14,5.16,5.16,172.84,01-01-1970.07:16,,,,,,
49,14,5.16,5.16,172.84,01-01-1970.07:17,,,,,,
49.9,14,5.16,5.16,171.65,01-01-1970.07:18,,,,,,
50,14,5.16,5.16,169.63,01-01-1970.07:19,,,,,,
50,14,5.16,5.16,164.91,01-01-1970.07:20,,,,,,
50,14,5.17,5.16,164.51,01-01-1970.07:21,,,,,,
50,14,5.17,5.17,165.79,01-01-1970.07:22,,,,,,
50,14,5.17,5.17,167.29,01-01-1970.07:23,,,,,,
50,14,5.17,5.16,169.35,01-01-1970.07:24,,,,,,
50.6,14,5.16,5.16,170.6,01-01-1970.07:25,,,,,,
51,14,5.16,5.16,170.88,01-01-1970.07:26,,,,,,
51.9,14,5.17,5.16,168.11,01-01-1970.07:27,,,,,,
51.1,14,5.16,5.16,163.5,01-01-1970.07:28,,,,,,
51.7,14,5.16,5.16,160.57,01-01-1970.07:29,,,,,,
51,14,5.18,5.17,159.46,01-01-1970.07:30,,,,,,
51,14,5.16,5.17,162.63,01-01-1970.07:31,,,,,,
51,14,5.16,5.16,168.46,01-01-1970.07:32,,,,,,
51,14,5.16,5.17,178.79,01-01-1970.07:33,,,,,,
51,14,5.16,5.15,190.18,01-01-1970.07:34,,,,,,
51,14,5.16,5.16,199.18,01-01-1970.07:35,,,,,,
51.9,14,5.14,5.14,207.68,01-01-1970.07:36,,,,,,
51.3,14,5.13,5.13,211.76,01-01-1970.07:37,,,,,,
51.8,14,5.14,5.15,210.91,01-01-1970.07:38,,,,,,
52,14,5.14,5.14,210.05,01-01-1970.07:39,,,,,,
51.9,14,5.13,5.15,209.2,01-01-1970.07:40,,,,,,
52,14,5.14,5.15,209.2,01-01-1970.07:41,,,,,,
51.5,14,5.15,5.14,209.2,01-01-1970.07:42,,,,,,
52,14,5.15,5.15,208.44,01-01-1970.07:43,,,,,,
51.1,14,5.15,5.14,207.51,01-01-1970.07:44,,,,,,
51.1,14,5.15,5.14,205.83,01-01-1970.07:45,,,,,,
51.2,14,5.16,5.16,202.52,01-01-1970.07:46,,,,,,
51.2,14,5.15,5.16,198.45,01-01-1970.07:47,,,,,,
51.9,14,5.17,5.17,197.81,01-01-1970.07:48,,,,,,
52,14,5.17,5.17,200.88,01-01-1970.07:49,,,,,,
51.8,14,5.16,5.16,205.75,01-01-1970.07:50,,,,,,
52,14,5.16,5.15,211.25,01-01-1970.07:51,,,,,,
52,14,5.16,5.12,219.38,01-01-1970.07:52,,,,,,
52,14,5.12,5.12,226.64,01-01-1970.07:54,,,,,,
52,14,5.11,5.12,231.59,01-01-1970.07:55,,,,,,
51.1,14,5.11,5.11,231.59,01-01-1970.07:56,,,,,,
51.9,14,5.12,5.11,225.9,01-01-1970.07:57,,,,,,
51.1,14,5.11,5.11,217.16,01-01-1970.07:58,,,,,,
51.2,14,5.11,5.13,209.2,01-01-1970.07:59,,,,,,
51.9,14,5.12,5.14,205.92,01-01-1970.08:00,,,,,,
52,14,5.12,5.12,205.83,01-01-1970.08:01,,,,,,
52,14,5.14,5.11,207.51,01-01-1970.08:02,,,,,,
52,14,5.12,5.12,210.56,01-01-1970.08:03,,,,,,
52.3,14,5.12,5.11,216.28,01-01-1970.08:04,,,,,,
53,14,5.12,5.12,225.99,01-01-1970.08:05,,,,,,
52,14,5.11,5.11,239.47,01-01-1970.08:06,,,,,,
52,14,5.11,5.11,255.09,01-01-1970.08:07,,,,,,
52,14,5.11,5.1,269.27,01-01-1970.08:08,,,,,,
52.6,14,5.11,5.1,281.41,01-01-1970.08:09,,,,,,
53,14,5.09,5.06,289.9,01-01-1970.08:10,,,,,,
53,14,5.07,5.07,294.32,01-01-1970.08:11,,,,,,
53,14,5.07,5.06,295.56,01-01-1970.08:12,,,,,,
53,14,5.06,5.06,296.81,01-01-1970.08:13,,,,,,
53,14,5.06,5.06,297.19,01-01-1970.08:14,,,,,,
53,14,5.06,5.07,295.56,01-01-1970.08:15,,,,,,
53,14,5.07,5.06,298.07,01-01-1970.08:16,,,,,,
53,14,5.06,5.07,301.87,01-01-1970.08:17,,,,,,
53,14,5.06,5.06,301.87,01-01-1970.08:18,,,,,,
53,14,5.06,5.07,298.95,01-01-1970.08:19,,,,,,
52.7,14,5.07,5.06,293.46,01-01-1970.08:20,,,,,,
53,14,5.07,5.03,290.51,01-01-1970.08:21,,,,,,
53,14,5.03,5.02,290.63,01-01-1970.08:22,,,,,,
53,14,5.03,5.03,295.94,01-01-1970.08:23,,,,,,
53,14,5.03,5.03,303.15,01-01-1970.08:24,,,,,,
53,14,5.03,5.02,308.99,01-01-1970.08:25,,,,,,
53.9,14,5.02,5.02,315.38,01-01-1970.08:26,,,,,,
53.6,14,5.01,5.02,319.04,01-01-1970.08:27,,,,,,
53.7,14,5.02,5.02,320.41,01-01-1970.08:28,,,,,,
54,14,5.03,5.02,322.75,01-01-1970.08:29,,,,,,
54,14,5.03,5.02,326.66,01-01-1970.08:30,,,,,,
54,14,5.02,5.02,328.78,01-01-1970.08:31,,,,,,
54,14,4.99,4.98,331.63,01-01-1970.08:32,,,,,,
54,14,5,4.99,345,01-01-1970.08:33,,,,,,
54,14,5,4.98,374.7,01-01-1970.08:34,,,,,,
54.9,13.9,4.97,4.97,411.77,01-01-1970.08:35,,,,,,
55,13.1,4.98,4.96,442.25,01-01-1970.08:36,,,,,,
54.6,13.7,5.22,5.23,452.26,01-01-1970.08:37,,,,,,
54.9,13,5.22,5.22,463.01,01-01-1970.08:38,,,,,,
55,13,5.23,5.22,466.7,01-01-1970.08:39,,,,,,
55,13,5.22,5.21,463.01,01-01-1970.08:40,,,,,,
55,13.9,5.22,5.21,454.4,01-01-1970.08:41,,,,,,
55,14,5.22,5.21,447.58,01-01-1970.08:42,,,,,,
54.6,14,5.21,5.21,443.77,01-01-1970.08:43,,,,,,
54,14,5.21,5.22,450.13,01-01-1970.08:44,,,,,,
54,14,5.21,5.21,466.27,01-01-1970.08:45,,,,,,
54,14,5.22,5.21,492.86,01-01-1970.08:46,,,,,,
54,14,5.21,5.21,523.48,01-01-1970.08:47,,,,,,
54,14,5.21,5.2,550.99,01-01-1970.08:48,,,,,,
54,14,5.17,5.17,572.23,01-01-1970.08:49,,,,,,
54,14,5.16,5.17,583.83,01-01-1970.08:50,,,,,,
54.3,14,5.17,5.17,597.41,01-01-1970.08:51,,,,,,
54,14,5.17,5.18,617.29,01-01-1970.08:52,,,,,,
54,14,5.16,5.17,641.77,01-01-1970.08:53,,,,,,
54,14,5.17,5.17,668.4,01-01-1970.08:54,,,,,,
54,14,5.16,5.17,697.67,01-01-1970.08:55,,,,,,
54,14,5.17,5.17,730.11,01-01-1970.08:56,,,,,,
54,14,5.16,5.16,766.97,01-01-1970.08:57,,,,,,
54.3,14,5.17,5.16,809.75,01-01-1970.08:58,,,,,,
55,14,5.13,5.13,846.67,01-01-1970.08:59,,,,,,
55,14,5.13,5.13,878.31,01-01-1970.09:00,,,,,,
55,14,5.13,5.12,912.92,01-01-1970.09:01,,,,,,
54.1,14,5.12,5.12,951.91,01-01-1970.09:02,,,,,,
54.3,14,5.13,5.12,1009.17,01-01-1970.09:03,,,,,,
54.7,14,5.13,5.12,1084.35,01-01-1970.09:04,,,,,,
54.9,14,5.14,5.12,1170.62,01-01-1970.09:05,,,,,,
54.9,14,5.13,5.11,1262.29,01-01-1970.09:06,,,,,,
54,14,5.13,5.12,1363.19,01-01-1970.09:07,,,,,,
55,13.1,5.12,5.11,1477.27,01-01-1970.09:08,,,,,,
54.2,13.2,5.11,5.12,1616.78,01-01-1970.09:09,,,,,,
54.9,13,5.09,5.08,1779.24,01-01-1970.09:10,,,,,,
55,13,5.09,5.07,1945.51,01-01-1970.09:11,,,,,,
55,13,5.08,5.09,2110.21,01-01-1970.09:12,,,,,,
55,13,5.08,5.07,2271.46,01-01-1970.09:13,,,,,,
55,13,5.07,5.08,2408.55,01-01-1970.09:14,,,,,,
55,13,5.07,5.08,2547.4,01-01-1970.09:15,,,,,,
55,13,5.07,5.08,2777.58,01-01-1970.09:16,,,,,,
55,13,5.08,5.08,3068.13,01-01-1970.09:17,,,,,,
55,13,5.06,5.07,3323.87,01-01-1970.09:18,,,,,,
55,13,5.07,5.07,3537.32,01-01-1970.09:19,,,,,,
55.4,13,5.07,5.04,3745.3,01-01-1970.09:20,,,,,,
55,13,5.04,5.04,3988.46,01-01-1970.09:21,,,,,,
55,13,5.02,5.02,4235.53,01-01-1970.09:22,,,,,,
55,13,5.02,5.04,4486.79,01-01-1970.09:23,,,,,,
55,13,5.05,5.04,4690.1,01-01-1970.09:24,,,,,,
55,13,5.03,5.03,4709.89,01-01-1970.09:25,,,,,,
55,13,5.03,5.05,4811.16,01-01-1970.09:26,,,,,,
55,13,5.03,5.04,5389.24,01-01-1970.09:27,,,,,,
55.8,13,5.02,5.04,6433.23,01-01-1970.09:28,,,,,,
55.3,13,5.02,5.04,7774.39,01-01-1970.09:29,,,,,,
55.9,13,5.02,5.02,9247.78,01-01-1970.09:30,,,,,,
56,13,5.04,5.02,10913.69,01-01-1970.09:31,,,,,,
56,13,5.04,5.03,12710.13,01-01-1970.09:32,,,,,,
56,13,5.02,4.98,14806.35,01-01-1970.09:33,,,,,,
56,13,4.99,4.98,17381.85,01-01-1970.09:34,,,,,,
55.1,13,4.98,4.98,20109.4,01-01-1970.09:35,,,,,,
55,13,4.98,4.97,23536.03,01-01-1970.09:36,,,,,,
55,13,4.98,4.97,27040.46,01-01-1970.09:37,,,,,,
55.8,13,4.99,4.99,31396.51,01-01-1970.09:38,,,,,,
56,13,4.98,4.98,35347.27,01-01-1970.09:39,,,,,,
55.1,13,4.97,4.98,39890.05,01-01-1970.09:40,,,,,,
55.9,13,4.99,4.98,43606.87,01-01-1970.09:41,,,,,,
56,13,4.98,4.99,48067.06,01-01-1970.09:42,,,,,,
56,13,4.97,4.99,51223.1,01-01-1970.09:43,,,,,,
55.6,13,4.98,4.99,56725.07,01-01-1970.09:44,,,,,,
55,13,4.98,4.98,60332.57,01-01-1970.09:45,,,,,,
55,13,4.97,4.98,64421.08,01-01-1970.09:46,,,,,,
55,13,4.99,4.99,68159.14,01-01-1970.09:47,,,,,,
55,13,4.98,4.98,70171.94,01-01-1970.09:48,,,,,,
55.8,13,4.95,4.96,74485.1,01-01-1970.09:49,,,,,,
55.9,13,4.95,4.95,77001.1,01-01-1970.09:50,,,,,,
55.3,13,4.94,4.94,80775.11,01-01-1970.09:51,,,,,,
55.9,13,4.95,4.95,80775.11,01-01-1970.09:52,,,,,,
56,13,4.91,4.92,83748.56,01-01-1970.09:53,,,,,,
56,13,4.91,4.91,88208.74,01-01-1970.09:54,,,,,,
56,13,4.91,4.91,88208.74,01-01-1970.09:55,,,,,,
56,13,4.91,4.91,97129.12,01-01-1970.09:56,,,,,,
56,13,4.91,4.9,89100.78,01-01-1970.09:57,,,,,,
55.4,13,4.91,4.91,94453.01,01-01-1970.09:58,,,,,,
55,13,4.91,4.91,96237.08,01-01-1970.09:59,,,,,,
55.2,13,4.91,4.91,97129.12,01-01-1970.10:00,,,,,,
55,13,4.91,4.9,97129.12,01-01-1970.10:01,,,,,,
55,13,4.91,4.91,97129.12,01-01-1970.10:02,,,,,,
55,13,4.92,4.9,96237.08,01-01-1970.10:03,,,,,,
55,13,4.92,4.9,97129.12,01-01-1970.10:04,,,,,,
55,13,4.9,4.9,97129.12,01-01-1970.10:05,,,,,,
55,13,4.91,4.91,97129.12,01-01-1970.10:06,,,,,,
55,13,4.91,4.91,97129.12,01-01-1970.10:07,,,,,,
55,13,4.91,4.9,97129.12,01-01-1970.10:08,,,,,,
55,13,4.9,4.91,97129.12,01-01-1970.10:09,,,,,,
55,13,4.9,4.91,97129.12,01-01-1970.10:10,,,,,,
55,13,4.91,4.91,97129.12,01-01-1970.10:11,,,,,,
55,13,4.91,4.91,97129.12,01-01-1970.10:12,,,,,,
55,13,4.9,4.91,97129.12,01-01-1970.10:13,,,,,,
55,13,4.91,4.91,97129.12,01-01-1970.10:14,,,,,,
55,13,4.91,4.91,97129.12,01-01-1970.10:15,,,,,,
55,13,4.91,4.9,97129.12,01-01-1970.10:16,,,,,,
55,13,4.91,4.92,97129.12,01-01-1970.10:17,,,,,,
55,13,4.9,4.91,97129.12,01-01-1970.10:18,,,,,,
55,13,4.91,4.91,97129.12,01-01-1970.10:19,,,,,,
55,13,4.9,4.9,97129.12,01-01-1970.10:20,,,,,,
55,13,4.91,4.91,97129.12,01-01-1970.10:21,,,,,,
55,13,4.91,4.91,97129.12,01-01-1970.10:22,,,,,,
55,13,4.91,4.91,97129.12,01-01-1970.10:23,,,,,,
55.7,13,4.91,4.91,97129.12,01-01-1970.10:24,,,,,,
56,13,4.9,4.9,97129.12,01-01-1970.10:25,,,,,,
56,13,4.91,4.91,97129.12,01-01-1970.10:26,,,,,,
56,13,4.87,4.87,97129.12,01-01-1970.10:27,,,,,,
56,13,4.87,4.87,97129.12,01-01-1970.10:28,,,,,,
56,13,4.87,4.87,97129.12,01-01-1970.10:29,,,,,,
56,13,4.87,4.87,97129.12,01-01-1970.10:30,,,,,,
56,13,4.87,4.88,97129.12,01-01-1970.10:31,,,,,,
56,13,4.87,4.87,97129.12,01-01-1970.10:32,,,,,,
56,13,4.87,4.87,97129.12,01-01-1970.10:33,,,,,,
56,13,4.87,4.88,97129.12,01-01-1970.10:34,,,,,,
56,13,4.88,4.87,97129.12,01-01-1970.10:35,,,,,,
56,13,4.87,4.88,97129.12,01-01-1970.10:36,,,,,,
56,13,4.88,4.87,97129.12,01-01-1970.10:37,,,,,,
56,13,4.88,4.87,97129.12,01-01-1970.10:38,,,,,,
56,13,4.87,4.87,97129.12,01-01-1970.10:39,,,,,,
56.9,13,4.87,4.87,97129.12,01-01-1970.10:40,,,,,,
57,13,4.87,4.87,97129.12,01-01-1970.10:41,,,,,,
57,13,4.87,4.87,97129.12,01-01-1970.10:42,,,,,,
57,13,4.87,4.87,97129.12,01-01-1970.10:43,,,,,,
57,13,4.87,4.88,97129.12,01-01-1970.10:44,,,,,,
57,13,4.87,4.87,97129.12,01-01-1970.10:45,,,,,,
56.1,13,4.87,4.87,97129.12,01-01-1970.10:46,,,,,,
56.7,13,4.87,4.87,97129.12,01-01-1970.10:47,,,,,,
56,13,4.87,4.87,97129.12,01-01-1970.10:48,,,,,,
56,13,4.87,4.87,97129.12,01-01-1970.10:49,,,,,,
56,13,4.87,4.87,97129.12,01-01-1970.10:50,,,,,,
56,13,4.87,4.87,104761,01-01-1970.10:51,,,,,,
56,13,4.87,4.87,106941.54,01-01-1970.10:52,,,,,,
56,13,4.84,4.83,106941.54,01-01-1970.10:53,,,,,,
56,13,4.83,4.83,101490.2,01-01-1970.10:54,,,,,,
56,13,4.84,4.83,105851.27,01-01-1970.10:55,,,,,,
56,13,4.85,4.84,105851.27,01-01-1970.10:56,,,,,,
56,13,4.83,4.83,103670.73,01-01-1970.10:57,,,,,,
56,13,4.84,4.83,106941.54,01-01-1970.10:58,,,,,,
56,13,4.84,4.83,106941.54,01-01-1970.10:59,,,,,,
56,13,4.84,4.84,105851.27,01-01-1970.11:00,,,,,,
56.1,13,4.82,4.83,105851.27,01-01-1970.11:01,,,,,,
57,13,4.82,4.83,105851.27,01-01-1970.11:02,,,,,,
56.7,13,4.83,4.83,105851.27,01-01-1970.11:03,,,,,,
56.9,13,4.83,4.84,104761,01-01-1970.11:04,,,,,,
57,13,4.84,4.83,102580.46,01-01-1970.11:05,,,,,,
57,13,4.83,4.83,104761,01-01-1970.11:06,,,,,,
57,13,4.83,4.84,106941.54,01-01-1970.11:07,,,,,,
57,13,4.84,4.83,104761,01-01-1970.11:08,,,,,,
57,13,4.84,4.83,102580.46,01-01-1970.11:09,,,,,,
57,13,4.84,4.82,103670.73,01-01-1970.11:10,,,,,,
57,13,4.84,4.83,108031.8,01-01-1970.11:11,,,,,,
57,13,4.85,4.83,105851.27,01-01-1970.11:12,,,,,,
57,13,4.84,4.84,105851.27,01-01-1970.11:13,,,,,,
57,13,4.83,4.83,105851.27,01-01-1970.11:14,,,,,,
57,13,4.83,4.84,103670.73,01-01-1970.11:15,,,,,,
57,13,4.83,4.83,105851.27,01-01-1970.11:16,,,,,,
57,12.9,4.83,4.84,102580.46,01-01-1970.11:17,,,,,,
57,12.8,4.84,4.83,101490.2,01-01-1970.11:18,,,,,,
57,12,4.83,4.83,101490.2,01-01-1970.11:19,,,,,,
57,12,4.82,4.83,103670.73,01-01-1970.11:20,,,,,,
57,12.9,4.83,4.82,108031.8,01-01-1970.11:21,,,,,,
57,13,4.82,4.84,108031.8,01-01-1970.11:22,,,,,,
57,12.9,4.82,4.83,106941.54,01-01-1970.11:23,,,,,,
57,13,4.82,4.83,106941.54,01-01-1970.11:24,,,,,,
57,12.1,4.83,4.83,104761,01-01-1970.11:25,,,,,,
57,12.8,4.83,4.81,108031.8,01-01-1970.11:26,,,,,,
57,12,4.79,4.8,106941.54,01-01-1970.11:27,,,,,,
57,12.9,4.79,4.79,105851.27,01-01-1970.11:28,,,,,,
57,12.7,4.8,4.79,105851.27,01-01-1970.11:29,,,,,,
57,13,4.81,4.79,106941.54,01-01-1970.11:30,,,,,,
57,12.9,4.8,4.8,108031.8,01-01-1970.11:31,,,,,,
57,12.9,4.79,4.8,105851.27,01-01-1970.11:32,,,,,,
57,13,4.77,4.78,108031.8,01-01-1970.11:33,,,,,,
57,13,4.77,4.8,108031.8,01-01-1970.11:34,,,,,,
57,13,4.79,4.78,108031.8,01-01-1970.11:35,,,,,,
57,13,4.79,4.79,108031.8,01-01-1970.11:36,,,,,,
57,13,4.81,4.78,108031.8,01-01-1970.11:37,,,,,,
57,13,4.8,4.81,105851.27,01-01-1970.11:38,,,,,,
57,13,4.79,4.79,108031.8,01-01-1970.11:40,,,,,,
57,13,4.78,4.79,108031.8,01-01-1970.11:41,,,,,,
57,13,4.78,4.79,106941.54,01-01-1970.11:42,,,,,,
57.6,13,4.79,4.8,108031.8,01-01-1970.11:43,,,,,,
57.1,13,4.79,4.79,94453.01,01-01-1970.11:44,,,,,,
57.9,13,4.79,4.79,108031.8,01-01-1970.11:45,,,,,,
57.1,13,4.79,4.78,106941.54,01-01-1970.11:46,,,,,,
57.4,13,4.79,4.78,88208.74,01-01-1970.11:47,,,,,,
57.9,12.6,4.8,4.79,87465.38,01-01-1970.11:48,,,,,,
58,12,4.75,4.76,86722.02,01-01-1970.11:49,,,,,,
58,12,4.76,4.77,57146.24,01-01-1970.11:50,,,,,,
