67.4,23.4,83.26,-1,12796.34,01-01-1970.00:00
75,26,83.84,-1,13542.71,01-01-1970.00:01
75.9,26,83.87,-1,15039.03,01-01-1970.00:02
76,26,83.87,-1,17211.67,01-01-1970.00:02
75.4,26,83.84,-1,19665,01-01-1970.00:03
75,26,83.87,-1,22538.84,01-01-1970.00:04
75.1,26,83.84,-1,25819.7,01-01-1970.00:04
75.9,26,83.84,-1,29575.87,01-01-1970.00:05
76,25.7,83.84,-1,33807.64,01-01-1970.00:06
76,25.7,83.84,-1,38254.65,01-01-1970.00:06
76,26,83.81,-1,43606.87,01-01-1970.00:07
76,26,83.87,-1,50649.28,01-01-1970.00:08
75.9,25.4,83.87,-1,56725.07,01-01-1970.00:08
75.3,26,83.87,-1,64421.08,01-01-1970.00:09
75,26,83.87,-1,74485.1,01-01-1970.00:10
75,26,83.87,-1,80775.11,01-01-1970.00:11
75.8,25.4,83.81,-1,88208.74,01-01-1970.00:11
76,25,83.87,-1,97129.12,01-01-1970.00:12
76,25,83.87,-1,108031.8,01-01-1970.00:13
76,25,83.87,-1,121660.14,01-01-1970.00:13
76,25,83.87,-1,132173.44,01-01-1970.00:14
75.3,25.9,83.9,-1,139182.3,01-01-1970.00:15
75,26,83.87,-1,150863.77,01-01-1970.00:15
75,26,83.9,-1,162545.22,01-01-1970.00:16
74.7,26,83.9,-1,162545.22,01-01-1970.00:17
74.8,26,83.87,-1,188711.64,01-01-1970.00:18
74.2,26,83.87,-1,195253.23,01-01-1970.00:18
74,26,83.93,-1,195253.23,01-01-1970.00:19
74.9,26,83.9,-1,214878.05,01-01-1970.00:20
75,26,83.84,-1,239409.08,01-01-1970.00:20
74,26,83.87,-1,244315.28,01-01-1970.00:21
74,26,83.9,-1,244315.28,01-01-1970.00:22
73.8,26,83.96,-1,244315.28,01-01-1970.00:22
73.1,26,83.87,-1,244315.28,01-01-1970.00:23
73,26,83.9,-1,244315.28,01-01-1970.00:24
73,26,83.9,-1,252492.3,01-01-1970.00:24
73.4,26,83.93,-1,252492.3,01-01-1970.00:25
74,26,83.87,-1,260669.33,01-01-1970.00:26
73,26,83.87,-1,285200.34,01-01-1970.00:27
73,26,83.84,-1,309731.41,01-01-1970.00:27
73.9,26,83.9,-1,301554.41,01-01-1970.00:28
74,26,83.87,-1,301554.41,01-01-1970.00:29
74,26,83.87,-1,326085.44,01-01-1970.00:29
74.2,26,83.6,-1,358793.44,01-01-1970.00:30
74.5,26,83.66,-1,358793.44,01-01-1970.00:31
75,25.7,83.63,-1,391501.5,01-01-1970.00:31
74.1,25.9,83.69,-1,407855.5,01-01-1970.00:32
74.5,26,83.69,-1,342439.44,01-01-1970.00:33
73.5,26,83.75,-1,424209.5,01-01-1970.00:34
73.9,26,83.63,-1,375147.5,01-01-1970.00:34
73.1,26,83.66,-1,440563.56,01-01-1970.00:35
73,26,83.72,-1,424209.5,01-01-1970.00:36
72.1,26,83.66,-1,407855.5,01-01-1970.00:36
72.6,26,83.63,-1,375147.44,01-01-1970.00:37
72.8,26,83.66,-1,407855.5,01-01-1970.00:38
73,26,83.66,-1,424209.5,01-01-1970.00:38
73,26,83.6,-1,440563.56,01-01-1970.00:39
73,26,83.66,-1,456917.5,01-01-1970.00:40
72,26,83.69,-1,456917.56,01-01-1970.00:40
72,26,83.72,-1,391501.5,01-01-1970.00:41
71.6,26,83.66,-1,456917.56,01-01-1970.00:42
71.7,26,83.72,-1,456917.5,01-01-1970.00:43
71,26,83.63,-1,456917.56,01-01-1970.00:43
71,26,83.66,-1,440563.5,01-01-1970.00:44
70.2,26,83.66,-1,375147.5,01-01-1970.00:45
70.1,26,83.66,-1,424209.56,01-01-1970.00:45
70,26,83.69,-1,440563.5,01-01-1970.00:46
70,27,83.69,-1,473271.56,01-01-1970.00:47
70,27,83.75,-1,424209.56,01-01-1970.00:47
70,27,83.66,-1,456917.56,01-01-1970.00:48
70,27,83.81,-1,424209.56,01-01-1970.00:49
70,27,83.66,-1,489625.56,01-01-1970.00:50
70,27,83.69,-1,424209.5,01-01-1970.00:50
70,27,83.78,-1,407855.56,01-01-1970.00:51
69.2,27,83.6,-1,407855.5,01-01-1970.00:52
69,27,83.69,-1,456917.56,01-01-1970.00:52
69.3,27,83.69,-1,473271.56,01-01-1970.00:53
69,27,83.66,-1,424209.56,01-01-1970.00:54
69.6,27,83.66,-1,440563.5,01-01-1970.00:54
69.9,27,83.66,-1,473271.56,01-01-1970.00:55
70.9,26.1,83.63,-1,424209.5,01-01-1970.00:56
71.6,26,83.69,-1,424209.56,01-01-1970.00:56
72,26,83.63,-1,440563.56,01-01-1970.00:57
71.1,26,83.63,-1,391501.44,01-01-1970.00:58
71.9,26,83.69,-1,391501.5,01-01-1970.00:59
72.9,26,83.69,-1,375147.44,01-01-1970.00:59
73,26,83.63,-1,375147.5,01-01-1970.01:00
73,26,83.69,-1,358793.47,01-01-1970.01:01
73.8,26,83.69,-1,375147.44,01-01-1970.01:01
73.3,26,83.72,-1,326085.44,01-01-1970.01:02
72.2,26,83.78,-1,326085.44,01-01-1970.01:03
73,26,83.81,-1,326085.44,01-01-1970.01:03
73.7,26,83.72,-1,326085.44,01-01-1970.01:04
74,26,83.81,-1,326085.44,01-01-1970.01:05
73.2,26,83.72,-1,326085.44,01-01-1970.01:06
72.3,26,83.84,-1,326085.44,01-01-1970.01:06
73,26,83.75,-1,326085.44,01-01-1970.01:07
73,26,83.78,-1,342439.47,01-01-1970.01:08
72.5,26,83.81,-1,326085.44,01-01-1970.01:08
73,26,83.81,-1,326085.44,01-01-1970.01:09
73.6,26,83.81,-1,326085.44,01-01-1970.01:10
74.3,25.2,83.81,-1,326085.44,01-01-1970.01:10
74.8,25,83.87,-1,326085.44,01-01-1970.01:11
74.2,25,83.87,-1,326085.44,01-01-1970.01:12
74.3,25.9,83.87,-1,326085.44,01-01-1970.01:12
74,26,83.84,-1,326085.44,01-01-1970.01:13
74.2,26,83.84,-1,326085.44,01-01-1970.01:14
75,26,83.84,-1,326085.44,01-01-1970.01:15
74.2,26,83.87,-1,342439.44,01-01-1970.01:15
75,26,83.81,-1,326085.44,01-01-1970.01:16
75,26,83.75,-1,326085.44,01-01-1970.01:17
75,26,83.81,-1,342439.44,01-01-1970.01:17
75.6,26,83.81,-1,326085.44,01-01-1970.01:18
76,25.2,83.84,-1,326085.44,01-01-1970.01:19
77,25,83.78,-1,326085.44,01-01-1970.01:19
77,25,83.81,-1,358793.47,01-01-1970.01:20
77,25,83.72,-1,342439.44,01-01-1970.01:21
77.9,25,83.6,-1,358793.44,01-01-1970.01:22
79.7,25,83.6,-1,473271.56,01-01-1970.01:22
80.6,25,83.6,-1,440563.56,01-01-1970.01:23
81,25,83.57,-1,375147.5,01-01-1970.01:24
80.1,25,83.57,-1,473271.56,01-01-1970.01:24
79.4,25,83.57,-1,489625.56,01-01-1970.01:25
79.1,25,83.57,-1,489625.56,01-01-1970.01:26
79,25,83.6,-1,456917.5,01-01-1970.01:26
78.8,25,83.57,-1,473271.56,01-01-1970.01:27
78,25,83.57,-1,391501.44,01-01-1970.01:28
78,25,83.57,-1,407855.5,01-01-1970.01:29
77.2,25,83.57,-1,391501.5,01-01-1970.01:29
77.7,25,83.57,-1,342439.47,01-01-1970.01:30
77.4,25,83.6,-1,342439.44,01-01-1970.01:31
77.1,25,83.66,-1,391501.5,01-01-1970.01:31
77.1,25,83.6,-1,375147.5,01-01-1970.01:32
77.5,25,83.63,-1,260669.33,01-01-1970.01:33
76.9,25,83.6,-1,239409.08,01-01-1970.01:33
76.9,25,83.69,-1,234502.88,01-01-1970.01:34
76.3,25,83.63,-1,244315.28,01-01-1970.01:35
77.6,25,83.66,-1,239409.08,01-01-1970.01:35
77.7,25,83.63,-1,244315.28,01-01-1970.01:36
77,25,83.6,-1,244315.28,01-01-1970.01:37
77.4,25,83.6,-1,244315.28,01-01-1970.01:38
78,25,83.6,-1,277023.31,01-01-1970.01:38
78,25,83.57,-1,301554.41,01-01-1970.01:39
78,25,83.63,-1,326085.44,01-01-1970.01:40
78.2,25,83.57,-1,538687.63,01-01-1970.01:40
78.4,25,83.6,-1,538687.63,01-01-1970.01:41
78,25,83.57,-1,489625.56,01-01-1970.01:42
77.9,25,83.6,-1,489625.56,01-01-1970.01:42
78,25,83.57,-1,538687.63,01-01-1970.01:43
78,25,83.57,-1,489625.56,01-01-1970.01:44
77.9,25,83.57,-1,636811.75,01-01-1970.01:45
76.5,25,83.57,-1,587749.69,01-01-1970.01:45
76.7,25,83.57,-1,489625.56,01-01-1970.01:46
76.1,25,83.57,-1,538687.63,01-01-1970.01:47
75.3,25,83.6,-1,489625.56,01-01-1970.01:47
75,25,83.6,-1,538687.63,01-01-1970.01:48
75.6,25,83.57,-1,489625.56,01-01-1970.01:49
75.7,25,83.6,-1,587749.69,01-01-1970.01:49
75,25,83.57,-1,489625.56,01-01-1970.01:50
75.9,25,83.57,-1,489625.56,01-01-1970.01:51
76.9,25,83.57,-1,538687.63,01-01-1970.01:51
76.1,25,83.57,-1,489625.56,01-01-1970.01:52
76.9,25,83.57,-1,538687.63,01-01-1970.01:53
76.1,25,83.57,-1,489625.56,01-01-1970.01:54
76.9,25,83.57,-1,538687.63,01-01-1970.01:54
76.1,25,83.57,-1,538687.63,01-01-1970.01:55
76.9,25,83.57,-1,489625.56,01-01-1970.01:56
77,25,83.6,-1,489625.56,01-01-1970.01:56
76.1,25,83.6,-1,538687.63,01-01-1970.01:57
75.7,25,83.57,-1,489625.56,01-01-1970.01:58
75.1,25,83.6,-1,489625.56,01-01-1970.01:58
74.4,25,83.57,-1,538687.63,01-01-1970.01:59
74,25,83.57,-1,489625.56,01-01-1970.02:00
74,25,83.57,-1,489625.56,01-01-1970.02:01
73.3,25,83.57,-1,489625.56,01-01-1970.02:01
73,25,83.63,-1,538687.63,01-01-1970.02:02
73,25.2,83.6,-1,538687.63,01-01-1970.02:03
73,26,83.6,-1,489625.56,01-01-1970.02:03
72.1,26,83.57,-1,489625.56,01-01-1970.02:04
72,26,83.57,-1,538687.63,01-01-1970.02:05
72,26,83.63,-1,489625.56,01-01-1970.02:05
73.7,26,83.57,-1,587749.69,01-01-1970.02:06
74,26,83.6,-1,587749.63,01-01-1970.02:07
74,26,83.57,-1,538687.63,01-01-1970.02:07
74,26,83.63,-1,489625.56,01-01-1970.02:08
74,26,83.57,-1,538687.63,01-01-1970.02:09
74,26,83.57,-1,489625.56,01-01-1970.02:10
74,26,83.6,-1,587749.63,01-01-1970.02:10
74,26,83.57,-1,538687.63,01-01-1970.02:11
73.8,26,83.57,-1,538687.63,01-01-1970.02:12
73.9,25.4,83.57,-1,538687.63,01-01-1970.02:12
73.8,25,83.57,-1,538687.63,01-01-1970.02:13
74,25,83.57,-1,489625.56,01-01-1970.02:14
73.6,25,83.57,-1,489625.56,01-01-1970.02:14
74.9,25.8,83.57,-1,489625.56,01-01-1970.02:15
74.1,26,83.6,-1,489625.56,01-01-1970.02:16
73.1,26,83.6,-1,489625.56,01-01-1970.02:17
72.4,26,83.6,-1,538687.63,01-01-1970.02:17
72.9,26,83.63,-1,538687.63,01-01-1970.02:18
72.3,26,83.6,-1,489625.56,01-01-1970.02:19
72,26,83.63,-1,538687.63,01-01-1970.02:19
72,26,83.6,-1,538687.63,01-01-1970.02:20
72,26,83.57,-1,538687.63,01-01-1970.02:21
72,26,83.6,-1,489625.56,01-01-1970.02:21
72,26,83.57,-1,489625.56,01-01-1970.02:22
72,26,83.57,-1,587749.69,01-01-1970.02:23
72.6,26,83.57,-1,489625.56,01-01-1970.02:23
73,26,83.57,-1,538687.63,01-01-1970.02:24
72.6,26,83.57,-1,538687.63,01-01-1970.02:25
72.1,26,83.6,-1,489625.56,01-01-1970.02:26
73.8,25.2,83.57,-1,489625.56,01-01-1970.02:26
73.9,25,83.57,-1,538687.63,01-01-1970.02:27
74,25.2,83.57,-1,538687.63,01-01-1970.02:28
74.5,26,83.6,-1,489625.56,01-01-1970.02:28
74.1,26,83.57,-1,587749.69,01-01-1970.02:29
74,26,83.57,-1,489625.56,01-01-1970.02:30
73.4,26,83.57,-1,489625.56,01-01-1970.02:30
72.1,26,83.66,-1,489625.56,01-01-1970.02:31
72,26,83.6,-1,538687.63,01-01-1970.02:32
71.9,26,83.63,-1,489625.56,01-01-1970.02:33
71.7,26,83.57,-1,538687.63,01-01-1970.02:33
71.4,26,83.57,-1,489625.56,01-01-1970.02:34
71.9,26,83.6,-1,538687.63,01-01-1970.02:35
72,25.1,83.6,-1,489625.56,01-01-1970.02:35
72,25,83.57,-1,489625.56,01-01-1970.02:36
72,25,83.6,-1,587749.69,01-01-1970.02:37
72.9,25.9,83.6,-1,489625.56,01-01-1970.02:37
72.6,26,83.57,-1,538687.63,01-01-1970.02:38
72,25.7,83.6,-1,587749.69,01-01-1970.02:39
72.4,25,83.57,-1,538687.63,01-01-1970.02:39
73.5,25,83.57,-1,489625.56,01-01-1970.02:40
72.1,25,83.57,-1,587749.69,01-01-1970.02:41
72.5,25,83.63,-1,489625.56,01-01-1970.02:42
72.1,25,83.6,-1,538687.63,01-01-1970.02:42
72,25,83.57,-1,538687.63,01-01-1970.02:43
72,25,83.57,-1,685873.81,01-01-1970.02:44
72.6,25,83.6,-1,636811.69,01-01-1970.02:44
72.9,25,83.57,-1,685873.81,01-01-1970.02:45
72.3,25,83.57,-1,587749.69,01-01-1970.02:46
72,25,83.57,-1,783997.88,01-01-1970.02:46
72.8,25,83.57,-1,636811.75,01-01-1970.02:47
73.1,25,83.6,-1,587749.69,01-01-1970.02:48
73.2,25,83.57,-1,538687.63,01-01-1970.02:49
74,25,83.57,-1,587749.69,01-01-1970.02:49
73.8,25,83.57,-1,636811.69,01-01-1970.02:50
73,25,83.6,-1,636811.81,01-01-1970.02:51
73,25,83.57,-1,587749.75,01-01-1970.02:51
73,25,83.57,-1,783997.94,01-01-1970.02:52
73,25,83.57,-1,489625.56,01-01-1970.02:53
73,25,83.57,-1,456917.56,01-01-1970.02:53
73,25,83.57,-1,489625.56,01-01-1970.02:54
73,25,83.57,-1,489625.56,01-01-1970.02:55
73.6,25,83.6,-1,489625.56,01-01-1970.02:56
73,25,83.57,-1,489625.56,01-01-1970.02:56
73,25,83.57,-1,456917.56,01-01-1970.02:57
73,25,83.57,-1,440563.5,01-01-1970.02:58
73,25,83.14,-1,489625.56,01-01-1970.02:58
73,25,83.2,-1,489625.56,01-01-1970.02:59
73,25,83.2,-1,489625.56,01-01-1970.03:00
73,25,83.23,-1,489625.56,01-01-1970.03:00
73,25,83.11,-1,473271.56,01-01-1970.03:01
73,25,83.2,-1,473271.56,01-01-1970.03:02
73,25,83.2,-1,456917.56,01-01-1970.03:02
73,25,83.17,-1,473271.56,01-01-1970.03:03
74.9,25,83.2,-1,456917.56,01-01-1970.03:04
75,25,83.2,-1,473271.56,01-01-1970.03:05
73.8,25,83.2,-1,456917.56,01-01-1970.03:05
73.6,25,83.2,-1,473271.56,01-01-1970.03:06
73.1,25,83.2,-1,440563.56,01-01-1970.03:07
73,25,83.26,-1,456917.56,01-01-1970.03:07
73.6,25,83.26,-1,473271.56,01-01-1970.03:08
72.1,25,83.17,-1,473271.56,01-01-1970.03:09
72,25,83.26,-1,473271.56,01-01-1970.03:09
72,25,83.2,-1,456917.56,01-01-1970.03:10
72,25,83.26,-1,489625.56,01-01-1970.03:11
72,25,83.11,-1,440563.5,01-01-1970.03:12
72,25,83.26,-1,473271.56,01-01-1970.03:12
72,25,83.23,-1,473271.56,01-01-1970.03:13
72,25,83.2,-1,440563.5,01-01-1970.03:14
72,25,83.2,-1,456917.56,01-01-1970.03:14
72,25,83.11,-1,473271.56,01-01-1970.03:15
72.9,25,83.23,-1,456917.56,01-01-1970.03:16
72.9,25,83.2,-1,407855.56,01-01-1970.03:16
72,25,83.26,-1,440563.5,01-01-1970.03:17
71.9,25,83.26,-1,473271.56,01-01-1970.03:18
71.8,25,83.26,-1,473271.56,01-01-1970.03:18
72,25,83.2,-1,456917.56,01-01-1970.03:19
72,25,83.23,-1,456917.56,01-01-1970.03:20
72,25,83.2,-1,473271.56,01-01-1970.03:21
72,25,83.26,-1,456917.56,01-01-1970.03:21
72.9,25,83.23,-1,489625.56,01-01-1970.03:22
72.1,25,83.23,-1,473271.56,01-01-1970.03:23
72,25,83.23,-1,489625.56,01-01-1970.03:23
72.9,25,83.23,-1,489625.56,01-01-1970.03:24
73.6,25,83.14,-1,473271.56,01-01-1970.03:25
74,25,83.11,-1,473271.56,01-01-1970.03:25
73.5,25,83.26,-1,473271.56,01-01-1970.03:26
73,25,83.2,-1,489625.56,01-01-1970.03:27
72.1,25,83.2,-1,473271.56,01-01-1970.03:28
72,25,83.23,-1,473271.56,01-01-1970.03:28
72.9,25,83.2,-1,440563.56,01-01-1970.03:29
73,25,83.17,-1,489625.56,01-01-1970.03:30
72.9,25,83.26,-1,473271.56,01-01-1970.03:30
72,25,83.17,-1,489625.56,01-01-1970.03:31
72.9,25,83.14,-1,473271.56,01-01-1970.03:32
73,25,83.17,-1,473271.56,01-01-1970.03:32
72.8,25,83.14,-1,473271.56,01-01-1970.03:33
72.9,25,83.23,-1,473271.56,01-01-1970.03:34
73,25,83.23,-1,489625.56,01-01-1970.03:34
73,25,83.23,-1,473271.56,01-01-1970.03:35
73,25,83.14,-1,440563.56,01-01-1970.03:36
73.2,25,83.2,-1,456917.56,01-01-1970.03:37
73,25,83.26,-1,473271.56,01-01-1970.03:37
73.9,25,83.23,-1,456917.5,01-01-1970.03:38
73.1,25,83.17,-1,456917.56,01-01-1970.03:39
73.7,25,83.26,-1,473271.56,01-01-1970.03:39
73.6,25,83.23,-1,440563.5,01-01-1970.03:40
73,25,83.14,-1,489625.56,01-01-1970.03:41
73.4,25,83.2,-1,473271.56,01-01-1970.03:41
73.1,25,83.26,-1,489625.56,01-01-1970.03:42
73,25,83.2,-1,489625.56,01-01-1970.03:43
73,25,83.23,-1,489625.56,01-01-1970.03:44
73,25,83.2,-1,489625.56,01-01-1970.03:44
73.5,25,83.2,-1,473271.56,01-01-1970.03:45
74.9,24.4,83.14,-1,440563.56,01-01-1970.03:46
74.1,24,83.2,-1,391501.5,01-01-1970.03:46
74,24.8,83.26,-1,391501.5,01-01-1970.03:47
74,25,83.2,-1,375147.5,01-01-1970.03:48
73.5,25,83.2,-1,440563.5,01-01-1970.03:48
74,25,83.23,-1,424209.56,01-01-1970.03:49
74,25,83.23,-1,440563.5,01-01-1970.03:50
74.6,25,83.17,-1,424209.56,01-01-1970.03:50
73.1,25,83.23,-1,424209.56,01-01-1970.03:51
73,25,83.14,-1,489625.56,01-01-1970.03:52
73,25,83.17,-1,489625.56,01-01-1970.03:53
72.6,25,83.23,-1,489625.56,01-01-1970.03:53
74.6,25,83.2,-1,440563.5,01-01-1970.03:54
74,25,82.77,-1,473271.56,01-01-1970.03:55
74,24.2,82.31,-1,456917.56,01-01-1970.03:55
73.8,24.7,82.34,-1,456917.5,01-01-1970.03:56
74.9,24,82.34,-1,489625.56,01-01-1970.03:57
76,24,82.28,-1,473271.56,01-01-1970.03:57
75.5,24,82.34,-1,489625.56,01-01-1970.03:58
74.3,24,82.34,-1,489625.56,01-01-1970.03:59
74.5,24.3,82.28,-1,489625.56,01-01-1970.04:00
73.9,25,82.25,-1,489625.56,01-01-1970.04:00
73.8,25,82.22,-1,489625.56,01-01-1970.04:01
73.1,25,82.31,-1,489625.56,01-01-1970.04:02
73,25,82.28,-1,489625.56,01-01-1970.04:02
73,25,82.28,-1,489625.56,01-01-1970.04:03
73.6,25,82.25,-1,489625.56,01-01-1970.04:04
74.3,25,82.31,-1,489625.56,01-01-1970.04:04
74.6,24.1,82.28,-1,489625.56,01-01-1970.04:05
75,24.8,82.25,-1,489625.56,01-01-1970.04:06
75.9,24,82.31,-1,489625.56,01-01-1970.04:06
75.5,24,82.31,-1,489625.56,01-01-1970.04:07
75.2,24,82.28,-1,489625.56,01-01-1970.04:08
75.9,24,82.34,-1,489625.56,01-01-1970.04:09
75.1,24,82.25,-1,489625.56,01-01-1970.04:09
75.4,24,82.25,-1,489625.56,01-01-1970.04:10
76,24,82.25,-1,489625.56,01-01-1970.04:11
75.1,24,82.28,-1,489625.56,01-01-1970.04:11
75.5,24,82.25,-1,489625.56,01-01-1970.04:12
76.8,24.5,82.28,-1,489625.56,01-01-1970.04:13
76.2,24.7,82.25,-1,489625.56,01-01-1970.04:13
75.1,24.4,82.28,-1,489625.56,01-01-1970.04:14
75.9,25,82.28,-1,489625.56,01-01-1970.04:15
74.1,25,82.28,-1,489625.56,01-01-1970.04:16
74,25,82.25,-1,489625.56,01-01-1970.04:16
74,24.2,82.22,-1,489625.56,01-01-1970.04:17
74.9,24,82.22,-1,489625.56,01-01-1970.04:18
74,24,82.25,-1,489625.56,01-01-1970.04:18
74.2,24,82.19,-1,489625.56,01-01-1970.04:19
74.9,24,82.25,-1,538687.63,01-01-1970.04:20
74.1,24,82.31,-1,489625.56,01-01-1970.04:20
74,24,82.25,-1,489625.56,01-01-1970.04:21
74,24,82.28,-1,489625.56,01-01-1970.04:22
74.3,24,82.31,-1,489625.56,01-01-1970.04:22
75,24,82.28,-1,489625.56,01-01-1970.04:23
74.3,24,82.19,-1,489625.56,01-01-1970.04:24
75.1,24,82.22,-1,489625.56,01-01-1970.04:25
74.1,24,82.28,-1,538687.63,01-01-1970.04:25
74,24,82.22,-1,489625.56,01-01-1970.04:26
74.9,24,82.19,-1,489625.56,01-01-1970.04:27
74.5,24,82.28,-1,489625.56,01-01-1970.04:27
74,24,82.19,-1,489625.56,01-01-1970.04:28
74,24,82.25,-1,489625.56,01-01-1970.04:29
74.5,24,82.25,-1,489625.56,01-01-1970.04:29
74,24,82.28,-1,489625.56,01-01-1970.04:30
74.9,24,82.22,-1,489625.56,01-01-1970.04:31
75.5,24,82.22,-1,489625.56,01-01-1970.04:32
75.7,24,82.22,-1,489625.56,01-01-1970.04:32
74.4,24,82.19,-1,489625.56,01-01-1970.04:33
74,24,82.31,-1,489625.56,01-01-1970.04:34
73.8,24,82.16,-1,489625.56,01-01-1970.04:34
74,24,82.28,-1,489625.56,01-01-1970.04:35
73.8,24,82.22,-1,489625.56,01-01-1970.04:36
73.9,24,82.19,-1,489625.56,01-01-1970.04:36
74,24,82.25,-1,489625.56,01-01-1970.04:37
74.1,24,82.31,-1,538687.63,01-01-1970.04:38
74.6,24,82.31,-1,489625.56,01-01-1970.04:39
74.9,24,82.22,-1,538687.63,01-01-1970.04:39
74.9,24,82.25,-1,489625.56,01-01-1970.04:40
74.2,24,82.22,-1,489625.56,01-01-1970.04:41
74.5,24,82.25,-1,489625.56,01-01-1970.04:41
74,24,82.31,-1,489625.56,01-01-1970.04:42
74,24,82.19,-1,489625.56,01-01-1970.04:43
74,24,82.31,-1,489625.56,01-01-1970.04:43
74,24,82.28,-1,326085.44,01-01-1970.04:44
74,24,82.19,-1,326085.44,01-01-1970.04:45
74,24,82.25,-1,326085.44,01-01-1970.04:45
74,24,82.22,-1,326085.44,01-01-1970.04:46
75.4,24,82.28,-1,342439.44,01-01-1970.04:47
75,24,82.19,-1,980246.13,01-01-1970.04:48
74.2,24,82.28,-1,980246.13,01-01-1970.04:48
74,24,82.22,-1,980246.13,01-01-1970.04:49
74.8,24,82.25,-1,980246.13,01-01-1970.04:50
75.4,24,82.22,-1,980246.13,01-01-1970.04:50
75,24,82.22,-1,980246.13,01-01-1970.04:51
74.4,24,82.25,-1,980246.13,01-01-1970.04:52
74.9,24,82.22,-1,980246.13,01-01-1970.04:52
74.9,24,82.25,-1,980246.13,01-01-1970.04:53
74.9,24,82.28,-1,980246.13,01-01-1970.04:54
75,24,82.31,-1,326085.44,01-01-1970.04:55
74.9,24,82.25,-1,980246.13,01-01-1970.04:55
74.6,24,82.31,-1,980246.13,01-01-1970.04:56
74.1,24,82.22,-1,980246.13,01-01-1970.04:57
75,24,82.25,-1,980246.13,01-01-1970.04:57
75,24,82.31,-1,980246.13,01-01-1970.04:58
75.6,24,82.22,-1,980246.13,01-01-1970.04:59
75,24,82.28,-1,980246.13,01-01-1970.04:59
75,24,82.31,-1,980246.13,01-01-1970.05:00
75.7,24,82.28,-1,980246.13,01-01-1970.05:01
76,24,82.28,-1,980246.13,01-01-1970.05:01
75.3,24,82.34,-1,980246.13,01-01-1970.05:02
75,24,82.25,-1,980246.13,01-01-1970.05:03
75.2,24,82.28,-1,980246.13,01-01-1970.05:04
75,24,82.34,-1,980246.13,01-01-1970.05:04
75,24,82.22,-1,980246.13,01-01-1970.05:05
75,24,82.19,-1,980246.13,01-01-1970.05:06
75,24,82.31,-1,980246.13,01-01-1970.05:06
75.4,24,82.25,-1,980246.13,01-01-1970.05:07
75.1,24,82.25,-1,980246.13,01-01-1970.05:08
75,24,82.25,-1,980246.13,01-01-1970.05:08
74.1,24,82.28,-1,980246.13,01-01-1970.05:09
75.1,24,82.22,-1,980246.13,01-01-1970.05:10
75.8,24,82.28,-1,980246.13,01-01-1970.05:11
75,24,82.25,-1,980246.13,01-01-1970.05:11
74.6,24,82.22,-1,980246.13,01-01-1970.05:12
74.5,24,82.25,-1,980246.13,01-01-1970.05:13
74,24,82.22,-1,980246.13,01-01-1970.05:13
74.9,24,82.16,-1,980246.13,01-01-1970.05:14
74.6,24,82.13,-1,980246.13,01-01-1970.05:15
75,24,82.19,-1,980246.13,01-01-1970.05:15
75.4,24,82.28,-1,980246.13,01-01-1970.05:16
76.2,24,82.28,-1,980246.13,01-01-1970.05:17
75.2,24,82.31,-1,980246.13,01-01-1970.05:17
75,24,82.28,-1,931184.13,01-01-1970.05:18
75,24,82.22,-1,980246.13,01-01-1970.05:19
75,24,82.25,-1,980246.13,01-01-1970.05:20
74.1,24,82.28,-1,980246.13,01-01-1970.05:20
74.9,24,82.16,-1,980246.13,01-01-1970.05:21
75,24,82.31,-1,980246.13,01-01-1970.05:22
74.1,24,82.31,-1,980246.13,01-01-1970.05:22
74,24,82.34,-1,980246.13,01-01-1970.05:23
74,24,82.34,-1,980246.13,01-01-1970.05:24
74.6,24,82.31,-1,980246.13,01-01-1970.05:24
75,24,82.25,-1,980246.13,01-01-1970.05:25
74.8,24,82.28,-1,980246.13,01-01-1970.05:26
74.9,24,82.31,-1,980246.13,01-01-1970.05:27
75,24,82.28,-1,980246.13,01-01-1970.05:27
74.8,24,82.22,-1,980246.13,01-01-1970.05:28
75,24,82.31,-1,980246.13,01-01-1970.05:29
75,24,82.28,-1,980246.13,01-01-1970.05:29
75,24,82.28,-1,980246.13,01-01-1970.05:30
74.4,24,82.28,-1,980246.13,01-01-1970.05:31
75,24,82.25,-1,980246.13,01-01-1970.05:31
75,24,82.31,-1,980246.13,01-01-1970.05:32
74.7,24,82.13,-1,980246.13,01-01-1970.05:33
74.9,24,82.22,-1,980246.13,01-01-1970.05:33
74.9,24,82.25,-1,980246.13,01-01-1970.05:34
75,24,82.31,-1,980246.13,01-01-1970.05:35
74.1,24,82.31,-1,980246.13,01-01-1970.05:36
74,24,82.25,-1,980246.13,01-01-1970.05:36
74.6,24,82.19,-1,980246.13,01-01-1970.05:37
74,24,82.22,-1,980246.13,01-01-1970.05:38
74.1,24,82.28,-1,980246.13,01-01-1970.05:38
75,24,82.31,-1,980246.13,01-01-1970.05:39
75,24,82.28,-1,980246.13,01-01-1970.05:40
74.3,24,82.28,-1,980246.13,01-01-1970.05:40
74,24,82.25,-1,931184.13,01-01-1970.05:41
74,24,82.28,-1,980246.13,01-01-1970.05:42
74.9,24,82.28,-1,980246.13,01-01-1970.05:43
75,24,82.28,-1,980246.13,01-01-1970.05:43
74.3,24,82.28,-1,980246.13,01-01-1970.05:44
74.8,24,82.28,-1,980246.13,01-01-1970.05:45
75,24,82.34,-1,980246.13,01-01-1970.05:45
75.1,24,82.34,-1,980246.13,01-01-1970.05:46
75,24,82.25,-1,980246.13,01-01-1970.05:47
75,24,82.31,-1,980246.13,01-01-1970.05:47
75,24,82.19,-1,980246.13,01-01-1970.05:48
75,24,82.28,-1,980246.13,01-01-1970.05:49
75,24,82.31,-1,980246.13,01-01-1970.05:50
75.3,24,82.28,-1,980246.13,01-01-1970.05:50
75,24,82.25,-1,980246.13,01-01-1970.05:51
75,24,82.22,-1,980246.13,01-01-1970.05:52
74.9,24,82.25,-1,980246.13,01-01-1970.05:52
74.9,24,82.22,-1,980246.13,01-01-1970.05:53
75,24,82.28,-1,980246.13,01-01-1970.05:54
75,24,82.25,-1,980246.13,01-01-1970.05:54
75,24,82.19,-1,980246.13,01-01-1970.05:55
75,24,82.22,-1,980246.13,01-01-1970.05:56
75.9,24,82.22,-1,980246.13,01-01-1970.05:56
74.8,24,82.25,-1,980246.13,01-01-1970.05:57
74.9,24,82.31,-1,980246.13,01-01-1970.05:58
75,24,82.28,-1,980246.13,01-01-1970.05:59
75.1,24,82.22,-1,980246.13,01-01-1970.05:59
75.3,24,82.19,-1,980246.13,01-01-1970.06:00
75.5,24,82.34,-1,980246.13,01-01-1970.06:01
75,24,82.25,-1,980246.13,01-01-1970.06:01
75.2,24,82.28,-1,980246.13,01-01-1970.06:02
74.1,24,82.22,-1,980246.13,01-01-1970.06:03
74.9,24,82.19,-1,980246.13,01-01-1970.06:03
75,24,82.25,-1,980246.13,01-01-1970.06:04
75,24,82.25,-1,980246.13,01-01-1970.06:05
75,24,82.16,-1,980246.13,01-01-1970.06:06
76.6,24,82.28,-1,980246.13,01-01-1970.06:06
76.1,24,82.25,-1,980246.13,01-01-1970.06:07
76.3,24,82.34,-1,980246.13,01-01-1970.06:08
75.4,24,82.34,-1,980246.13,01-01-1970.06:08
75,24,82.28,-1,980246.13,01-01-1970.06:09
74.6,24,82.28,-1,980246.13,01-01-1970.06:10
74.4,24,82.28,-1,980246.13,01-01-1970.06:10
74.6,24,82.28,-1,980246.13,01-01-1970.06:11
74.7,24,82.31,-1,980246.13,01-01-1970.06:12
74.4,24,82.34,-1,980246.13,01-01-1970.06:12
75,24,82.25,-1,980246.13,01-01-1970.06:13
75.9,23.1,82.31,-1,980246.13,01-01-1970.06:14
76,23,82.25,-1,980246.13,01-01-1970.06:15
75.6,23,82.31,-1,980246.13,01-01-1970.06:15
76,23,82.19,-1,980246.13,01-01-1970.06:16
76,23,82.28,-1,980246.13,01-01-1970.06:17
75.1,23,82.19,-1,980246.13,01-01-1970.06:17
75,23,82.22,-1,980246.13,01-01-1970.06:18
75,23.1,82.25,-1,980246.13,01-01-1970.06:19
75,23,82.16,-1,980246.13,01-01-1970.06:19
75,23,82.34,-1,980246.13,01-01-1970.06:20
75,23,82.25,-1,980246.13,01-01-1970.06:21
75,23.5,82.25,-1,980246.13,01-01-1970.06:22
75,23.8,82.19,-1,980246.13,01-01-1970.06:22
75,23,82.19,-1,980246.13,01-01-1970.06:23
75,23,82.28,-1,980246.13,01-01-1970.06:24
75,23,82.25,-1,980246.13,01-01-1970.06:24
75,23.1,82.25,-1,980246.13,01-01-1970.06:25
75,23,82.22,-1,980246.13,01-01-1970.06:26
75,23,82.28,-1,980246.13,01-01-1970.06:26
75.1,23.7,82.28,-1,980246.13,01-01-1970.06:27
75,23.1,82.19,-1,980246.13,01-01-1970.06:28
75.6,23.9,82.13,-1,980246.13,01-01-1970.06:28
74.7,23.1,82.19,-1,980246.13,01-01-1970.06:29
74.6,23,82.31,-1,980246.13,01-01-1970.06:30
76.3,23,82.22,-1,980246.13,01-01-1970.06:31
76.1,23.9,82.22,-1,980246.13,01-01-1970.06:31
76.9,23.9,82.19,-1,980246.13,01-01-1970.06:32
75.2,24,82.22,-1,980246.13,01-01-1970.06:33
77.2,24,82.16,-1,980246.13,01-01-1970.06:33
78,24,82.31,-1,980246.13,01-01-1970.06:34
76.4,24,82.28,-1,980246.13,01-01-1970.06:35
76,23.2,82.25,-1,980246.13,01-01-1970.06:35
75.6,23,82.16,-1,980246.13,01-01-1970.06:36
75.7,23,82.22,-1,980246.13,01-01-1970.06:37
76.5,23,82.25,-1,980246.13,01-01-1970.06:38
76.9,23,82.25,-1,980246.13,01-01-1970.06:38
77.9,23,82.19,-1,980246.13,01-01-1970.06:39
79.2,23,82.25,-1,980246.13,01-01-1970.06:40
78.2,23,82.28,-1,980246.13,01-01-1970.06:40
77.1,23,82.22,-1,980246.13,01-01-1970.06:41
76.8,23,82.16,-1,980246.13,01-01-1970.06:42
77.4,23,82.25,-1,980246.13,01-01-1970.06:42
77,23,82.22,-1,980246.13,01-01-1970.06:43
76.2,23,82.25,-1,980246.13,01-01-1970.06:44
76,23,82.19,-1,980246.13,01-01-1970.06:44
76.9,23,82.19,-1,980246.13,01-01-1970.06:45
77,23,82.28,-1,980246.13,01-01-1970.06:46
76.7,23,82.19,-1,980246.13,01-01-1970.06:47
76,23,82.25,-1,980246.13,01-01-1970.06:47
76,23,82.16,-1,980246.13,01-01-1970.06:48
76,23,82.19,-1,980246.13,01-01-1970.06:49
75.9,23,82.19,-1,980246.13,01-01-1970.06:49
76.1,23,82.22,-1,980246.13,01-01-1970.06:50
75.6,23,82.13,-1,980246.13,01-01-1970.06:51
75.9,23,82.16,-1,980246.13,01-01-1970.06:51
75.1,23,82.22,-1,980246.13,01-01-1970.06:52
75,23,82.16,-1,980246.13,01-01-1970.06:53
75.6,23,82.22,-1,980246.13,01-01-1970.06:54
75.9,23,82.16,-1,980246.13,01-01-1970.06:54
76,23,82.1,-1,980246.13,01-01-1970.06:55
76.3,23,82.22,-1,980246.13,01-01-1970.06:56
76.5,23,82.19,-1,980246.13,01-01-1970.06:56
76,23,82.22,-1,980246.13,01-01-1970.06:57
77.1,23,82.25,-1,980246.13,01-01-1970.06:58
78,23,82.25,-1,980246.13,01-01-1970.06:58
78.7,23,82.19,-1,980246.13,01-01-1970.06:59
78,23,82.1,-1,980246.13,01-01-1970.07:00
78,23,82.16,-1,980246.13,01-01-1970.07:00
77.5,23,82.25,-1,980246.13,01-01-1970.07:01
77,23,82.16,-1,980246.13,01-01-1970.07:02
77,23,82.16,-1,980246.13,01-01-1970.07:03
76.5,23,82.1,-1,980246.13,01-01-1970.07:03
76.2,23,82.22,-1,980246.13,01-01-1970.07:04
76.2,23,82.19,-1,980246.13,01-01-1970.07:05
77,23,82.19,-1,980246.13,01-01-1970.07:05
77,23,82.28,-1,980246.13,01-01-1970.07:06
77,23,82.1,-1,980246.13,01-01-1970.07:07
76.1,23,82.22,-1,980246.13,01-01-1970.07:07
76.4,23,82.16,-1,980246.13,01-01-1970.07:08
76.2,23,82.13,-1,980246.13,01-01-1970.07:09
77,23,82.13,-1,980246.13,01-01-1970.07:10
77.5,23,82.22,-1,980246.13,01-01-1970.07:10
76.3,23,82.19,-1,980246.13,01-01-1970.07:11
76,23,82.25,-1,980246.13,01-01-1970.07:12
76.4,23,82.25,-1,980246.13,01-01-1970.07:12
78.6,23,82.22,-1,980246.13,01-01-1970.07:13
78.9,23,82.22,-1,980246.13,01-01-1970.07:14
77.1,23,82.19,-1,980246.13,01-01-1970.07:14
76.1,23,82.19,-1,980246.13,01-01-1970.07:15
76.5,23,82.1,-1,980246.13,01-01-1970.07:16
77.7,23,82.22,-1,980246.13,01-01-1970.07:17
78,23,82.19,-1,980246.13,01-01-1970.07:17
77.6,23,82.16,-1,980246.13,01-01-1970.07:18
77,23,82.19,-1,980246.13,01-01-1970.07:19
77,23,82.22,-1,980246.13,01-01-1970.07:19
77,23,82.19,-1,980246.13,01-01-1970.07:20
77,23,82.16,-1,980246.13,01-01-1970.07:21
77.4,23,82.07,-1,980246.13,01-01-1970.07:21
79.6,23,82.13,-1,980246.13,01-01-1970.07:22
78.8,23,82.22,-1,980246.13,01-01-1970.07:23
78,23,82.13,-1,980246.13,01-01-1970.07:23
77.1,23,82.19,-1,980246.13,01-01-1970.07:24
77,23,82.25,-1,980246.13,01-01-1970.07:25
77.4,23,82.25,-1,980246.13,01-01-1970.07:26
76.1,23,82.22,-1,980246.13,01-01-1970.07:26
76,23,82.16,-1,980246.13,01-01-1970.07:27
76,23,82.16,-1,980246.13,01-01-1970.07:28
76,23,82.13,-1,980246.13,01-01-1970.07:28
76,23,82.16,-1,980246.13,01-01-1970.07:29
76,23,82.16,-1,980246.13,01-01-1970.07:30
76,23,82.13,-1,980246.13,01-01-1970.07:30
76,23,82.19,-1,980246.13,01-01-1970.07:31
76,23,82.16,-1,980246.13,01-01-1970.07:32
76,23,82.16,-1,980246.13,01-01-1970.07:33
76,23,82.1,-1,980246.13,01-01-1970.07:33
76,23,82.22,-1,980246.13,01-01-1970.07:34
76,23,82.25,-1,980246.13,01-01-1970.07:35
76,23,82.19,-1,980246.13,01-01-1970.07:35
76,23,82.13,-1,980246.13,01-01-1970.07:36
76,23,82.16,-1,980246.13,01-01-1970.07:37
76.1,23,82.19,-1,980246.13,01-01-1970.07:37
76,23,82.19,-1,980246.13,01-01-1970.07:38
76,23,82.13,-1, INF,01-01-1970.07:39
76,23,82.19,-1,980246.13,01-01-1970.07:39
76,23,82.19,-1,980246.13,01-01-1970.07:40
76,23,82.19,-1,980246.13,01-01-1970.07:41
76,23,82.22,-1,980246.13,01-01-1970.07:42
76,23,82.28,-1,980246.13,01-01-1970.07:42
76,23,82.22,-1,980246.13,01-01-1970.07:43
76,23,82.16,-1,980246.13,01-01-1970.07:44
76,23,82.16,-1,980246.13,01-01-1970.07:44
76,23,82.19,-1,980246.13,01-01-1970.07:45
76,23,82.13,-1,980246.13,01-01-1970.07:46
76,23,82.28,-1,980246.13,01-01-1970.07:46
76,23,82.1,-1,980246.13,01-01-1970.07:47
76,23,82.19,-1,980246.13,01-01-1970.07:48
76,23,82.19,-1,980246.13,01-01-1970.07:49
76,23,82.19,-1,980246.13,01-01-1970.07:49
76.1,23,82.28,-1,980246.13,01-01-1970.07:50
76.1,23,82.16,-1,980246.13,01-01-1970.07:51
76,23,82.25,-1,980246.13,01-01-1970.07:51
76,23,82.22,-1,980246.13,01-01-1970.07:52
76,23,82.25,-1,980246.13,01-01-1970.07:53
76,23,82.1,-1,980246.13,01-01-1970.07:53
76,23,82.19,-1,980246.13,01-01-1970.07:54
76,23,82.22,-1,980246.13,01-01-1970.07:55
76.8,23,82.19,-1,980246.13,01-01-1970.07:55
77.9,23,82.28,-1,980246.13,01-01-1970.07:56
78,23,82.22,-1,980246.13,01-01-1970.07:57
77.6,23,82.25,-1,980246.13,01-01-1970.07:58
77.9,23,82.25,-1,980246.13,01-01-1970.07:58
78,23,82.25,-1,980246.13,01-01-1970.07:59
77.4,23,82.22,-1,980246.13,01-01-1970.08:00
78,23,82.22,-1,980246.13,01-01-1970.08:00
76.7,23,82.31,-1,980246.13,01-01-1970.08:01
76,23,82.28,-1,980246.13,01-01-1970.08:02
76.9,23,82.25,-1,980246.13,01-01-1970.08:02
76.4,23,82.28,-1,980246.13,01-01-1970.08:03
76,23,82.22,-1,980246.13,01-01-1970.08:04
76,23,82.16,-1,980246.13,01-01-1970.08:05
76,23,82.16,-1,980246.13,01-01-1970.08:05
75.4,23,82.16,-1,980246.13,01-01-1970.08:06
76,23,82.22,-1,980246.13,01-01-1970.08:07
76,23,82.25,-1,980246.13,01-01-1970.08:07
76.6,23,82.22,-1,980246.13,01-01-1970.08:08
76,23,82.22,-1,980246.13,01-01-1970.08:09
76,23,82.19,-1,980246.13,01-01-1970.08:09
76,23,82.19,-1,980246.13,01-01-1970.08:10
76.6,23,82.19,-1,980246.13,01-01-1970.08:11
76.1,23,82.28,-1,980246.13,01-01-1970.08:11
76.9,23,82.16,-1,980246.13,01-01-1970.08:12
77,23,82.22,-1,980246.13,01-01-1970.08:13
77,23,82.25,-1,980246.13,01-01-1970.08:14
76.7,23,82.25,-1,980246.13,01-01-1970.08:14
77,23,82.22,-1,980246.13,01-01-1970.08:15
77,23,82.31,-1,980246.13,01-01-1970.08:16
77,23,82.25,-1,980246.13,01-01-1970.08:16
77,23,82.28,-1,980246.13,01-01-1970.08:17
77,23,82.22,-1,980246.13,01-01-1970.08:18
77,23,82.22,-1,980246.13,01-01-1970.08:18
76.1,23,82.25,-1,980246.13,01-01-1970.08:19
76.7,23,82.28,-1,980246.13,01-01-1970.08:20
77,23,82.16,-1,980246.13,01-01-1970.08:21
77.7,23,82.19,-1,980246.13,01-01-1970.08:21
78,22.2,82.22,-1,980246.13,01-01-1970.08:22
78.2,22,82.19,-1,980246.13,01-01-1970.08:23
79.4,22,82.25,-1,980246.13,01-01-1970.08:23
78,22,82.25,-1,980246.13,01-01-1970.08:24
78,22,82.28,-1,980246.13,01-01-1970.08:25
77.9,22.1,82.19,-1,980246.13,01-01-1970.08:25
78.9,23,82.25,-1,980246.13,01-01-1970.08:26
79.8,23,82.25,-1,980246.13,01-01-1970.08:27
79.9,23,82.28,-1,980246.13,01-01-1970.08:27
80,23,82.25,-1,980246.13,01-01-1970.08:28
79.8,23,82.1,-1,980246.13,01-01-1970.08:29
77.8,23,82.28,-1,980246.13,01-01-1970.08:30
77,23,82.19,-1,980246.13,01-01-1970.08:30
77,23,82.25,-1,980246.13,01-01-1970.08:31
77,23,82.13,-1,980246.13,01-01-1970.08:32
77,23,82.19,-1,980246.13,01-01-1970.08:32
77.4,23,82.16,-1,980246.13,01-01-1970.08:33
77.5,23,82.22,-1,980246.13,01-01-1970.08:34
77.3,23,82.25,-1,980246.13,01-01-1970.08:34
77,23,82.22,-1,980246.13,01-01-1970.08:35
77,23,82.31,-1,980246.13,01-01-1970.08:36
77,23,82.22,-1,980246.13,01-01-1970.08:37
77,23,82.19,-1,980246.13,01-01-1970.08:37
77,23,82.16,-1,980246.13,01-01-1970.08:38
77,23,82.13,-1,980246.13,01-01-1970.08:39
77,23,82.16,-1,980246.13,01-01-1970.08:39
77,23,82.19,-1,980246.13,01-01-1970.08:40
77,23,82.22,-1,980246.13,01-01-1970.08:41
77,23,82.16,-1,980246.13,01-01-1970.08:41
76.4,23,82.25,-1,980246.13,01-01-1970.08:42
76.6,23,82.25,-1,980246.13,01-01-1970.08:43
77,23,82.28,-1,980246.13,01-01-1970.08:44
76.8,23,82.22,-1,980246.13,01-01-1970.08:44
77.3,22.7,82.22,-1,980246.13,01-01-1970.08:45
78.9,22,82.22,-1,980246.13,01-01-1970.08:46
78.1,22,82.19,-1,980246.13,01-01-1970.08:46
77.8,22,82.28,-1,980246.13,01-01-1970.08:47
78,22,82.22,-1,980246.13,01-01-1970.08:48
77.1,22,82.22,-1,980246.13,01-01-1970.08:48
78.1,22.2,82.25,-1,980246.13,01-01-1970.08:49
79,23,82.28,-1,980246.13,01-01-1970.08:50
78.1,23,82.19,-1,980246.13,01-01-1970.08:50
78.1,23,82.19,-1,980246.13,01-01-1970.08:51
77.2,23,82.22,-1,980246.13,01-01-1970.08:52
77,23,82.19,-1,980246.13,01-01-1970.08:53
76.3,23,82.19,-1,980246.13,01-01-1970.08:53
76.9,23,82.22,-1,980246.13,01-01-1970.08:54
77,23,82.22,-1,980246.13,01-01-1970.08:55
77.7,23,82.28,-1,980246.13,01-01-1970.08:55
78.9,23,82.25,-1,980246.13,01-01-1970.08:56
77.9,23,82.19,-1,980246.13,01-01-1970.08:57
77,23,82.25,-1,980246.13,01-01-1970.08:57
76.3,23,82.19,-1,980246.13,01-01-1970.08:58
77,23,82.28,-1,980246.13,01-01-1970.08:59
77,23,82.28,-1,980246.13,01-01-1970.09:00
76.7,22.1,82.16,-1,980246.13,01-01-1970.09:00
76.9,22,82.22,-1,980246.13,01-01-1970.09:01
77,22,82.1,-1,980246.13,01-01-1970.09:02
77,22,82.13,-1,980246.13,01-01-1970.09:02
77,22,82.19,-1,980246.13,01-01-1970.09:03
77,22,82.22,-1,980246.13,01-01-1970.09:04
77,22,82.25,-1,980246.13,01-01-1970.09:04
77.2,22,82.25,-1,980246.13,01-01-1970.09:05
77.1,22,82.25,-1,980246.13,01-01-1970.09:06
77,22,82.25,-1,980246.13,01-01-1970.09:06
77,22,82.22,-1,980246.13,01-01-1970.09:07
78.1,22,82.31,-1,980246.13,01-01-1970.09:08
77.2,22,82.22,-1,980246.13,01-01-1970.09:09
77.3,22,82.31,-1,980246.13,01-01-1970.09:09
78.9,22.6,82.28,-1,980246.13,01-01-1970.09:10
79.6,23,82.25,-1,980246.13,01-01-1970.09:11
78.9,23,82.13,-1,980246.13,01-01-1970.09:11
77.1,22.6,82.25,-1,980246.13,01-01-1970.09:12
77,22,82.22,-1,980246.13,01-01-1970.09:13
76.6,22,82.22,-1,980246.13,01-01-1970.09:13
78.8,22,82.19,-1,980246.13,01-01-1970.09:14
78.1,22,82.22,-1,980246.13,01-01-1970.09:15
78,22,82.34,-1,980246.13,01-01-1970.09:16
78,22,82.13,-1,980246.13,01-01-1970.09:16
77.7,22,82.19,-1,980246.13,01-01-1970.09:17
77,22,82.19,-1,980246.13,01-01-1970.09:18
77,22,82.19,-1,980246.13,01-01-1970.09:18
77,22,82.19,-1,980246.13,01-01-1970.09:19
77,22,82.19,-1,980246.13,01-01-1970.09:20
77.8,22,82.19,-1,980246.13,01-01-1970.09:20
77.2,22,82.28,-1,980246.13,01-01-1970.09:21
77,22,82.13,-1,980246.13,01-01-1970.09:22
77,22,82.19,-1,980246.13,01-01-1970.09:22
77.9,22,82.19,-1,980246.13,01-01-1970.09:23
78,22,82.28,-1,980246.13,01-01-1970.09:24
77.1,22,82.28,-1,980246.13,01-01-1970.09:25
77,22,82.16,-1,980246.13,01-01-1970.09:25
77,22,82.16,-1,980246.13,01-01-1970.09:26
77,22,82.28,-1,980246.13,01-01-1970.09:27
77,22,82.16,-1,980246.13,01-01-1970.09:27
77,22,82.19,-1,980246.13,01-01-1970.09:28
77,22,82.16,-1,980246.13,01-01-1970.09:29
76.1,22,82.25,-1,980246.13,01-01-1970.09:29
76.6,22,82.19,-1,980246.13,01-01-1970.09:30
77,22,82.19,-1,980246.13,01-01-1970.09:31
77,22,82.25,-1,980246.13,01-01-1970.09:32
77,22,82.19,-1,980246.13,01-01-1970.09:32
77,22,82.25,-1,980246.13,01-01-1970.09:33
77,22,82.22,-1,980246.13,01-01-1970.09:34
77,22,82.22,-1,980246.13,01-01-1970.09:34
77.1,22,82.22,-1,980246.13,01-01-1970.09:35
77,22,82.19,-1,980246.13,01-01-1970.09:36
76.1,22,82.16,-1,980246.13,01-01-1970.09:36
76.2,22,82.19,-1,980246.13,01-01-1970.09:37
77,22,82.22,-1,980246.13,01-01-1970.09:38
77,22,82.19,-1,980246.13,01-01-1970.09:38
76.8,22,82.22,-1,980246.13,01-01-1970.09:39
76.5,22,82.25,-1,980246.13,01-01-1970.09:40
76.4,22,82.25,-1,980246.13,01-01-1970.09:41
77,22,82.19,-1,980246.13,01-01-1970.09:41
77,22,82.22,-1,980246.13,01-01-1970.09:42
77,22,82.16,-1,980246.13,01-01-1970.09:43
77,22,82.25,-1,980246.13,01-01-1970.09:43
77,22,82.25,-1,980246.13,01-01-1970.09:44
77,22,82.19,-1,980246.13,01-01-1970.09:45
77,22,82.22,-1,980246.13,01-01-1970.09:45
77,22,82.25,-1,980246.13,01-01-1970.09:46
77.4,22,82.13,-1,980246.13,01-01-1970.09:47
77.2,22,82.19,-1,980246.13,01-01-1970.09:48
77.1,22,82.22,-1,980246.13,01-01-1970.09:48
76.1,22,82.16,-1,980246.13,01-01-1970.09:49
76.9,22,82.16,-1,980246.13,01-01-1970.09:50
76.6,22,82.25,-1,980246.13,01-01-1970.09:50
76.1,22,82.22,-1,980246.13,01-01-1970.09:51
76.7,22,82.22,-1,980246.13,01-01-1970.09:52
76.7,22,82.25,-1,980246.13,01-01-1970.09:52
77,22,82.16,-1,980246.13,01-01-1970.09:53
77,22,82.19,-1,980246.13,01-01-1970.09:54
77,22,82.16,-1,980246.13,01-01-1970.09:54
77,22,82.25,-1,980246.13,01-01-1970.09:55
77,22,82.25,-1,980246.13,01-01-1970.09:56
77,22,82.25,-1,980246.13,01-01-1970.09:57
77,22,82.16,-1,980246.13,01-01-1970.09:57
77,22,82.16,-1,980246.13,01-01-1970.09:58
77,22,82.19,-1,980246.13,01-01-1970.09:59
77,22,82.16,-1,980246.13,01-01-1970.09:59
77,22,82.13,-1,980246.13,01-01-1970.10:00
77,22,82.22,-1,980246.13,01-01-1970.10:01
77,22,82.19,-1,980246.13,01-01-1970.10:01
77,22,82.28,-1,980246.13,01-01-1970.10:02
77,22,82.28,-1,980246.13,01-01-1970.10:03
77,22,82.28,-1,980246.13,01-01-1970.10:04
77.8,22,82.13,-1,980246.13,01-01-1970.10:04
77.1,22,82.16,-1,980246.13,01-01-1970.10:05
77,22,82.25,-1,980246.13,01-01-1970.10:06
77.6,22,82.16,-1,980246.13,01-01-1970.10:06
77.2,22,82.16,-1,980246.13,01-01-1970.10:07
77,22,82.19,-1,980246.13,01-01-1970.10:08
77,22,82.25,-1,980246.13,01-01-1970.10:08
77,22,82.16,-1,980246.13,01-01-1970.10:09
77,22,82.22,-1,980246.13,01-01-1970.10:10
77,22,82.16,-1,980246.13,01-01-1970.10:11
77.9,22,82.22,-1,980246.13,01-01-1970.10:11
77.6,22,82.25,-1,980246.13,01-01-1970.10:12
77.1,22,82.22,-1,980246.13,01-01-1970.10:13
77.2,22,82.13,-1,980246.13,01-01-1970.10:13
77,22,82.13,-1,980246.13,01-01-1970.10:14
77.1,22,82.19,-1,980246.13,01-01-1970.10:15
77,22,82.13,-1,980246.13,01-01-1970.10:15
77,22,82.25,-1,980246.13,01-01-1970.10:16
77,22,82.19,-1,980246.13,01-01-1970.10:17
77,22,82.13,-1,980246.13,01-01-1970.10:17
77,22,82.25,-1,980246.13,01-01-1970.10:18
77,22,82.25,-1,980246.13,01-01-1970.10:19
77,22,82.19,-1,980246.13,01-01-1970.10:20
77,22,82.28,-1,980246.13,01-01-1970.10:20
77,22,82.13,-1,980246.13,01-01-1970.10:21
77,22,82.1,-1,980246.13,01-01-1970.10:22
77,22,82.19,-1,980246.13,01-01-1970.10:22
77,22,82.16,-1,980246.13,01-01-1970.10:23
77,22,82.22,-1,980246.13,01-01-1970.10:24
77,22,82.28,-1,980246.13,01-01-1970.10:24
77,22,82.19,-1,980246.13,01-01-1970.10:25
77,22,82.22,-1,980246.13,01-01-1970.10:26
77,22,82.28,-1,980246.13,01-01-1970.10:27
77,22,82.16,-1,882122,01-01-1970.10:27
77,22,82.13,-1,833060,01-01-1970.10:28
77,22,82.19,-1,833059.88,01-01-1970.10:29
77,22,82.19,-1,538687.63,01-01-1970.10:29
77,22,82.16,-1,489625.56,01-01-1970.10:30
77,22,82.04,-1,489625.56,01-01-1970.10:31
78,22,81.92,-1,489625.56,01-01-1970.10:31
77.1,22,82.04,-1,489625.56,01-01-1970.10:32
77,22,82.04,-1,489625.56,01-01-1970.10:33
77.5,22,82.04,-1,489625.56,01-01-1970.10:33
78,22,82.01,-1,342439.47,01-01-1970.10:34
78,22,82.04,-1,326085.44,01-01-1970.10:35
77,22,82.01,-1,326085.44,01-01-1970.10:36
77,22,82.01,-1,309731.38,01-01-1970.10:36
77.5,22,82.01,-1,244315.28,01-01-1970.10:37
78,22,81.98,-1,239409.08,01-01-1970.10:38
78,22,82.01,-1,200159.45,01-01-1970.10:38
77.3,22,82.04,-1,178899.23,01-01-1970.10:39
77.9,22,81.98,-1,162545.22,01-01-1970.10:40
77.2,22,81.98,-1,139182.3,01-01-1970.10:40
77,22,81.95,-1,121660.14,01-01-1970.10:41
77.1,22,82.01,-1,108031.8,01-01-1970.10:42
77.5,22,81.98,-1,97129.12,01-01-1970.10:43
78,22,81.98,-1,88208.74,01-01-1970.10:43
77.1,22,81.98,-1,74485.1,01-01-1970.10:44
77,22,81.98,-1,66757.38,01-01-1970.10:45
77,22,82.01,-1,59611.07,01-01-1970.10:45
77,22,81.98,-1,50649.28,01-01-1970.10:46
77.9,22,81.95,-1,44031.65,01-01-1970.10:47
77.3,22,82.01,-1,38254.65,01-01-1970.10:47
78,22,81.95,-1,33686.8,01-01-1970.10:48
77.8,22,81.98,-1,28832.5,01-01-1970.10:49
77,22,81.98,-1,25106.3,01-01-1970.10:49
77,22,82.04,-1,21720.84,01-01-1970.10:50
77,22,82.01,-1,18950.23,01-01-1970.10:51
77,22,81.98,-1,16590.88,01-01-1970.10:52
77,22,81.98,-1,14507.25,01-01-1970.10:52
77,22,82.04,-1,12767.71,01-01-1970.10:53
77.2,22,81.98,-1,11301.57,01-01-1970.10:54
78,22,82.04,-1,10068.05,01-01-1970.10:54
77.1,22,82.01,-1,8967.1,01-01-1970.10:55
77.9,22,82.01,-1,8057.23,01-01-1970.10:56
78,22,82.04,-1,7251.07,01-01-1970.10:56
78,22,82.01,-1,6553.28,01-01-1970.10:57
78,22,81.98,-1,5949.52,01-01-1970.10:58
77.8,22,81.98,-1,5431.05,01-01-1970.10:59
77,22,82.01,-1,4973.67,01-01-1970.10:59
77,22,81.98,-1,4561.33,01-01-1970.11:00
77.5,22,81.95,-1,4199.57,01-01-1970.11:01
77,22,82.01,-1,3884.43,01-01-1970.11:01
77,22,82.01,-1,3594.59,01-01-1970.11:02
77.3,22,82.04,-1,3335.32,01-01-1970.11:03
77.9,22,82.04,-1,3098.65,01-01-1970.11:03
77,21.6,82.04,-1,2889.58,01-01-1970.11:04
77,21,82.01,-1,2699.46,01-01-1970.11:05
77.4,21,82.01,-1,2528.32,01-01-1970.11:05
77.3,21,82.04,-1,2373.51,01-01-1970.11:06
77,21,82.04,-1,2233.85,01-01-1970.11:07
77,21,82.04,-1,2105.3,01-01-1970.11:08
77.6,21,82.04,-1,1988.42,01-01-1970.11:08
77.3,21,82.01,-1,1882.56,01-01-1970.11:09
77,21,82.01,-1,1780.01,01-01-1970.11:10
77.2,21,82.01,-1,1684.53,01-01-1970.11:10
78,21,82.04,-1,1596.09,01-01-1970.11:11
77.1,21,82.04,-1,1515.22,01-01-1970.11:12
77,21,82.04,-1,1441.06,01-01-1970.11:12
77,21,82.04,-1,1370.58,01-01-1970.11:13
77.1,21,82.04,-1,1305.69,01-01-1970.11:14
78,21,82.04,-1,1243.75,01-01-1970.11:15
78.3,21,82.04,-1,1185.54,01-01-1970.11:15
79,21,82.01,-1,1131.2,01-01-1970.11:16
78.1,21,82.04,-1,1079.95,01-01-1970.11:17
78,21,82.04,-1,1034.04,01-01-1970.11:17
78,21,82.04,-1,990.11,01-01-1970.11:18
78,21,82.04,-1,951.14,01-01-1970.11:19
78,21,82.04,-1,915.52,01-01-1970.11:19
78,21,82.04,-1,880.46,01-01-1970.11:20
78,21,82.04,-1,847.71,01-01-1970.11:21
78,21,82.04,-1,815.41,01-01-1970.11:21
78,21,82.04,-1,784.22,01-01-1970.11:22
78,21,82.04,-1,755.03,01-01-1970.11:23
78,21,82.07,-1,727.69,01-01-1970.11:24
77.1,21,82.01,-1,702.06,01-01-1970.11:24
78,21,82.04,-1,679.19,01-01-1970.11:25
77.9,21,82.04,-1,657.76,01-01-1970.11:26
78,21,82.04,-1,637.14,01-01-1970.11:26
78,21,82.04,-1,618.35,01-01-1970.11:27
78,21,82.04,-1,601.29,01-01-1970.11:28
78,21,82.04,-1,584.08,01-01-1970.11:28
78,21,82.04,-1,568.73,01-01-1970.11:29
78.9,21,82.01,-1,553.68,01-01-1970.11:30
79.3,21,82.04,-1,540.59,01-01-1970.11:31
77.3,21,82.04,-1,528.43,01-01-1970.11:31
77,21,82.04,-1,516.93,01-01-1970.11:32
77,21,82.04,-1,505.6,01-01-1970.11:33
77.3,21,82.04,-1,495.34,01-01-1970.11:33
77,21,82.04,-1,485,01-01-1970.11:34
77,21,82.04,-1,475.03,01-01-1970.11:35
77.2,21,82.04,-1,465.18,01-01-1970.11:35
77.4,21,82.04,-1,455.25,01-01-1970.11:36
78.7,21,82.04,-1,445.88,01-01-1970.11:37
78.6,21,82.04,-1,437.05,01-01-1970.11:38
78,21,82.04,-1,428.53,01-01-1970.11:38
78.4,21,82.04,-1,420.12,01-01-1970.11:39
79.9,21,82.04,-1,412.4,01-01-1970.11:40
80,21.4,82.04,-1,404.77,01-01-1970.11:40
80,22,82.04,-1,397.82,01-01-1970.11:41
78.3,22,81.67,-1,397.68,01-01-1970.11:42
77.6,21.9,81.7,-1,390.7,01-01-1970.11:42
78,21.7,81.7,-1,385.27,01-01-1970.11:43
78,21,81.67,-1,380.1,01-01-1970.11:44
78,21,81.76,-1,375.03,01-01-1970.11:44
78.5,21,81.7,-1,370.04,01-01-1970.11:45
78.9,21,81.73,-1,365.14,01-01-1970.11:46
80,21,81.7,-1,360.32,01-01-1970.11:47
80,21,81.73,-1,355.59,01-01-1970.11:47
82.8,21,81.7,-1,351.09,01-01-1970.11:48
81.8,21,81.73,-1,346.81,01-01-1970.11:49
81.9,21,81.7,-1,342.75,01-01-1970.11:49
83,21,81.7,-1,338.89,01-01-1970.11:50
83.9,21,81.73,-1,334.51,01-01-1970.11:51
84,21,81.67,-1,330.34,01-01-1970.11:51
84,21,81.7,-1,327.22,01-01-1970.11:52
84.6,20.5,81.73,-1,323.17,01-01-1970.11:53
85.5,20,81.7,-1,319.86,01-01-1970.11:54
86,20,81.73,-1,316.32,01-01-1970.11:54
85.9,20,81.73,-1,313.5,01-01-1970.11:55
86.9,20,81.73,-1,309.65,01-01-1970.11:56
86.9,20,81.7,-1,307.03,01-01-1970.11:56
86,20,81.73,-1,303.15,01-01-1970.11:57
86.7,20,81.73,-1,300.59,01-01-1970.11:58
87.2,20,81.73,-1,296.81,01-01-1970.11:58
86.1,20,81.73,-1,294.32,01-01-1970.11:59
86,20,81.73,-1,290.63,01-01-1970.12:00
86,20,81.73,-1,287.96,01-01-1970.12:00
85.1,20,81.73,-1,284.61,01-01-1970.12:01
85.4,20,81.73,-1,282.12,01-01-1970.12:02
86,20,81.73,-1,278.72,01-01-1970.12:03
87.8,20,81.73,-1,276.3,01-01-1970.12:03
88.9,20,81.73,-1,272.98,01-01-1970.12:04
86.8,20,81.76,-1,270.73,01-01-1970.12:05
86.9,20,81.73,-1,268.49,01-01-1970.12:05
87.2,20,81.73,-1,266.28,01-01-1970.12:06
87,20,81.73,-1,263.86,01-01-1970.12:07
87.1,20,81.73,-1,261.69,01-01-1970.12:07
88,20,81.73,-1,259.01,01-01-1970.12:08
88.9,20,81.73,-1,256.56,01-01-1970.12:09
87.4,20,81.73,-1,254.46,01-01-1970.12:10
87,20,81.73,-1,252.37,01-01-1970.12:10
87,20,81.73,-1,250,01-01-1970.12:11
87,20,81.73,-1,247.24,01-01-1970.12:12
87.4,20,81.76,-1,245.22,01-01-1970.12:12
89.6,20,81.73,-1,242.93,01-01-1970.12:13
89,20,81.73,-1,240.26,01-01-1970.12:14
88.4,20,81.73,-1,238.3,01-01-1970.12:14
87.6,20,81.73,-1,236.36,01-01-1970.12:15
87,20,81.73,-1,234.44,01-01-1970.12:16
87,20,81.76,-1,232.53,01-01-1970.12:16
87.9,20,81.73,-1,230.64,01-01-1970.12:17
88.4,20,81.73,-1,228.77,01-01-1970.12:18
89.9,20,81.73,-1,226.91,01-01-1970.12:19
89.9,20,81.76,-1,225.07,01-01-1970.12:19
88.1,20,81.73,-1,223.25,01-01-1970.12:20
88.8,20,81.73,-1,221.44,01-01-1970.12:21
89,20,81.73,-1,219.65,01-01-1970.12:21
89,20,81.73,-1,217.87,01-01-1970.12:22
88.6,20,81.76,-1,216.11,01-01-1970.12:23
88,20,81.73,-1,214.36,01-01-1970.12:23
88,20,81.73,-1,212.62,01-01-1970.12:24
88,20,81.73,-1,210.91,01-01-1970.12:25
88.9,20,81.73,-1,209.2,01-01-1970.12:26
89.9,20,81.79,-1,206.92,01-01-1970.12:26
89.3,20,81.76,-1,205,01-01-1970.12:27
89,20.2,81.82,-1,203.34,01-01-1970.12:28
89.9,21,81.76,-1,201.7,01-01-1970.12:28
90.9,21,81.79,-1,200.07,01-01-1970.12:29
90.1,21,81.73,-1,198.29,01-01-1970.12:30
89.5,21,81.73,-1,194.15,01-01-1970.12:30
89,21,81.82,-1,183.35,01-01-1970.12:31
89,21,81.76,-1,167.63,01-01-1970.12:32
89.3,21,81.85,-1,168.39,01-01-1970.12:32
89.6,21,81.79,-1,177.34,01-01-1970.12:33
90,21,81.85,-1,175.68,01-01-1970.12:34
90,21,81.79,-1,174.26,01-01-1970.12:35
90,21,81.82,-1,175.33,01-01-1970.12:35
90,21,81.82,-1,176.98,01-01-1970.12:36
90,21,81.82,-1,174.97,01-01-1970.12:37
90,21,81.92,-1,172.77,01-01-1970.12:37
90,21,81.89,-1,170.05,01-01-1970.12:38
90.6,21,81.85,-1,167.97,01-01-1970.12:39
90.5,21,81.89,-1,165.52,01-01-1970.12:39
90.3,21,81.85,-1,163.23,01-01-1970.12:40
90,21,81.95,-1,161.24,01-01-1970.12:41
90,21,81.92,-1,159.65,01-01-1970.12:42
90.9,21,81.92,-1,158.35,01-01-1970.12:42
90.7,21,81.92,-1,156.66,01-01-1970.12:43
91,21,81.95,-1,155.38,01-01-1970.12:44
90.1,21,82.01,-1,153.59,01-01-1970.12:44
90.8,21,81.89,-1,152.2,01-01-1970.12:45
90.6,21,82.01,-1,150.14,01-01-1970.12:46
91,21,82.01,-1,142.36,01-01-1970.12:46
91.8,21,82.01,-1,136.98,01-01-1970.12:47
91.1,21,82.01,-1,129.93,01-01-1970.12:48
91.1,21,82.04,-1,125.25,01-01-1970.12:48
91,21,82.01,-1,118.94,01-01-1970.12:49
91,21,82.04,-1,110.26,01-01-1970.12:50
91.9,21,82.01,-1,105.98,01-01-1970.12:51
92,21,82.04,-1,98.7,01-01-1970.12:51
91.1,21.1,82.07,-1,94.42,01-01-1970.12:52
91,21.9,82.04,-1,90.61,01-01-1970.12:53
91.7,22,82.04,-1,87.64,01-01-1970.12:53
91.1,22,82.04,-1,82.13,01-01-1970.12:54
91,22,82.04,-1,81.12,01-01-1970.12:55
91,22,82.04,-1,80.56,01-01-1970.12:55
91,22,82.04,-1,80.16,01-01-1970.12:56
91.9,22,82.04,-1,79.8,01-01-1970.12:57
92,22,82.07,-1,79.37,01-01-1970.12:58
91.1,22,82.04,-1,78.58,01-01-1970.12:58
91,22,82.04,-1,78.07,01-01-1970.12:59
91.1,22,82.04,-1,77.4,01-01-1970.13:00
91.1,22,82.07,-1,77.09,01-01-1970.13:00
91,22,82.1,-1,76.63,01-01-1970.13:01
91,22,82.04,-1,76.24,01-01-1970.13:02
90.5,22,82.04,-1,75.85,01-01-1970.13:02
90.9,22,82.04,-1,75.51,01-01-1970.13:03
90.5,22,82.04,-1,75.16,01-01-1970.13:04
91,22.9,82.07,-1,74.7,01-01-1970.13:04
91,23,82.04,-1,74.32,01-01-1970.13:05
91.6,23,82.1,-1,73.56,01-01-1970.13:06
91.7,23,82.07,-1,72.8,01-01-1970.13:07
90.7,23,82.04,-1,72.05,01-01-1970.13:07
90.3,23,82.04,-1,71.52,01-01-1970.13:08
89.7,23,82.1,-1,71.3,01-01-1970.13:09
90,23,82.07,-1,70.55,01-01-1970.13:09
90.2,23,82.04,-1,70.18,01-01-1970.13:10
89.7,23,82.04,-1,70.18,01-01-1970.13:11
89.6,23,82.04,-1,70.89,01-01-1970.13:11
88.1,23,82.04,-1,71,01-01-1970.13:12
88.9,23,82.01,-1,70.59,01-01-1970.13:13
89,23.2,82.07,-1,70.18,01-01-1970.13:14
89,24,82.04,-1,69.81,01-01-1970.13:14
88,24,82.04,-1,69.81,01-01-1970.13:15
88.2,24,82.07,-1,69.81,01-01-1970.13:16
87.9,24,82.04,-1,69.45,01-01-1970.13:16
88,24,82.04,-1,69.08,01-01-1970.13:17
87.4,24,82.07,-1,68.35,01-01-1970.13:18
87,24,82.04,-1,68.13,01-01-1970.13:18
86.1,24,82.04,-1,68.09,01-01-1970.13:19
86.2,24,82.04,-1,68.31,01-01-1970.13:20
86.9,24,82.04,-1,68.35,01-01-1970.13:20
86.1,24,82.04,-1,68.35,01-01-1970.13:21
86.1,24,82.04,-1,67.98,01-01-1970.13:22
86.9,24,82.04,-1,67.62,01-01-1970.13:23
87,24,82.04,-1,67.26,01-01-1970.13:23
85.5,24,82.04,-1,67.07,01-01-1970.13:24
86.9,24,82.01,-1,66.53,01-01-1970.13:25
86.3,24,82.04,-1,66.53,01-01-1970.13:25
85.9,24,82.04,-1,66.97,01-01-1970.13:26
85,24,82.04,-1,66.89,01-01-1970.13:27
85.9,24,82.04,-1,66.89,01-01-1970.13:27
86.5,24,82.04,-1,66.89,01-01-1970.13:28
86.9,24,82.07,-1,66.57,01-01-1970.13:29
87,24,82.01,-1,66.53,01-01-1970.13:30
86.4,24,82.04,-1,66.28,01-01-1970.13:30
85.6,24,82.04,-1,66.57,01-01-1970.13:31
85.1,24,82.04,-1,66.53,01-01-1970.13:32
85.1,24,82.04,-1,66.17,01-01-1970.13:32
85.9,24,82.04,-1,65.78,01-01-1970.13:33
85.1,24,82.04,-1,65.46,01-01-1970.13:34
85.9,24.9,82.04,-1,65.1,01-01-1970.13:34
85.1,25,82.07,-1,65.46,01-01-1970.13:35
85.4,25,82.04,-1,65.28,01-01-1970.13:36
86,25,82.07,-1,65.1,01-01-1970.13:37
85,25,82.04,-1,64.78,01-01-1970.13:37
83.1,25,82.04,-1,64.74,01-01-1970.13:38
83.3,25,82.04,-1,65.1,01-01-1970.13:39
83.8,25,82.04,-1,65.1,01-01-1970.13:39
83.2,25,82.04,-1,65.46,01-01-1970.13:40
83.3,25,82.04,-1,65.99,01-01-1970.13:41
82.9,25,82.04,-1,66.53,01-01-1970.13:41
83.3,25,82.01,-1,66.25,01-01-1970.13:42
83.9,25,82.07,-1,65.99,01-01-1970.13:43
84,25,82.04,-1,65.74,01-01-1970.13:43
83,25,82.04,-1,65.46,01-01-1970.13:44
83,25,82.04,-1,65.1,01-01-1970.13:45
83,25,82.07,-1,65.1,01-01-1970.13:46
84.7,25,82.01,-1,65.1,01-01-1970.13:46
82.5,25,82.04,-1,65.46,01-01-1970.13:47
83.4,25,82.04,-1,65.85,01-01-1970.13:48
84,25.9,82.04,-1,66.17,01-01-1970.13:48
81.1,26,82.07,-1,66.53,01-01-1970.13:49
80.7,26,82.07,-1,66.17,01-01-1970.13:50
81.3,26,82.04,-1,65.81,01-01-1970.13:50
80.1,26,82.04,-1,65.46,01-01-1970.13:51
80.7,25.1,82.04,-1,65.1,01-01-1970.13:52
81,26,82.04,-1,65.24,01-01-1970.13:53
82.1,26,82.04,-1,65.46,01-01-1970.13:53
80.7,26,82.07,-1,65.99,01-01-1970.13:54
80.6,26,82.04,-1,66.53,01-01-1970.13:55
81,25.6,82.04,-1,66.89,01-01-1970.13:55
81,25.5,82.04,-1,67.29,01-01-1970.13:56
81.4,25,82.04,-1,67.62,01-01-1970.13:57
82.4,25,82.04,-1,67.62,01-01-1970.13:57
82.1,25.1,82.04,-1,67.55,01-01-1970.13:58
81.6,26,82.04,-1,67.44,01-01-1970.13:59
80.6,26,82.04,-1,67.26,01-01-1970.13:59
80,26,82.07,-1,67.58,01-01-1970.14:00
80.6,26,83.2,-1,68.75,01-01-1970.14:01
79.8,26,83.11,-1,69.08,01-01-1970.14:02
81.1,26,83.08,-1,69.08,01-01-1970.14:02
81.2,26,83.08,-1,69.45,01-01-1970.14:03
79.2,26,83.11,-1,68.71,01-01-1970.14:04
79.7,26,83.11,-1,69.81,01-01-1970.14:04
79.2,26,83.14,-1,70.07,01-01-1970.14:05
78.1,26,83.11,-1,70.11,01-01-1970.14:06
78.5,26,83.08,-1,69.81,01-01-1970.14:06
79,26,83.14,-1,69.56,01-01-1970.14:07
78.4,26.9,83.11,-1,69.67,01-01-1970.14:08
77,27,83.14,-1,69.78,01-01-1970.14:09
76.5,27,83.23,-1,69.45,01-01-1970.14:09
76.9,27,83.05,-1,69.08,01-01-1970.14:10
76.8,27,83.08,-1,68.75,01-01-1970.14:11
78.5,27,83.17,-1,68.38,01-01-1970.14:11
77.3,27,83.2,-1,67.98,01-01-1970.14:12
76.5,27,83.23,-1,67.62,01-01-1970.14:13
76.2,27,83.14,-1,67.62,01-01-1970.14:13
76.5,27,83.17,-1,67.62,01-01-1970.14:14
77.4,27,83.17,-1,66.43,01-01-1970.14:15
76.8,27,83.2,-1,66.17,01-01-1970.14:15
74.9,27,83.2,-1,66.32,01-01-1970.14:16
75.4,27,83.2,-1,66.53,01-01-1970.14:17
75.1,27,83.14,-1,66.86,01-01-1970.14:18
76,27,83.26,-1,66.89,01-01-1970.14:18
76,27,83.14,-1,66.86,01-01-1970.14:19
76.9,26.1,83.14,-1,66.53,01-01-1970.14:20
78.1,26,83.17,-1,66.5,01-01-1970.14:20
80.2,26,83.2,-1,66.17,01-01-1970.14:21
80,26.5,83.23,-1,66.17,01-01-1970.14:22
79.9,27,83.23,-1,66.17,01-01-1970.14:22
79.5,27,83.2,-1,66.17,01-01-1970.14:23
76.6,27,83.08,-1,66.17,01-01-1970.14:24
76.4,27,83.14,-1,66.17,01-01-1970.14:25
76.6,27,83.23,-1,65.81,01-01-1970.14:25
77.1,27,83.23,-1,65.46,01-01-1970.14:26
78.7,27,83.14,-1,65.46,01-01-1970.14:27
76.8,27,83.2,-1,65.46,01-01-1970.14:27
76.6,27,83.17,-1,65.1,01-01-1970.14:28
77.8,27,83.23,-1,64.74,01-01-1970.14:29
76.2,27,83.23,-1,64.74,01-01-1970.14:29
77.6,27,83.26,-1,64.74,01-01-1970.14:30
76.1,27,83.26,-1,65.1,01-01-1970.14:31
75.3,27,83.26,-1,65.1,01-01-1970.14:31
75,27,83.26,-1,64.74,01-01-1970.14:32
73.9,27,82.59,-1,64.82,01-01-1970.14:33
74.4,27,82.53,-1,64.74,01-01-1970.14:34
74.9,27,82.62,-1,64.71,01-01-1970.14:34
75.5,27,82.62,-1,64.39,01-01-1970.14:35
75.3,27,82.65,-1,64.39,01-01-1970.14:36
75,27,82.62,-1,64.39,01-01-1970.14:36
74.7,27,82.59,-1,64.35,01-01-1970.14:37
74.1,27,82.56,-1,64.53,01-01-1970.14:38
75.8,27,82.53,-1,64.39,01-01-1970.14:38
75.2,27,82.53,-1,64.74,01-01-1970.14:39
75.5,27,82.53,-1,64.74,01-01-1970.14:40
76,27,82.56,-1,64.71,01-01-1970.14:41
77,27,82.53,-1,64.39,01-01-1970.14:41
77.3,27,82.59,-1,64.39,01-01-1970.14:42
76.3,27,82.59,-1,64.39,01-01-1970.14:43
75.5,27,82.59,-1,64.39,01-01-1970.14:43
75.5,27.2,82.65,-1,64.39,01-01-1970.14:44
75.2,28,82.47,-1,64.78,01-01-1970.14:45
74.5,28,82.62,-1,65.1,01-01-1970.14:45
73.1,27.2,82.53,-1,65.46,01-01-1970.14:46
74.7,27,82.62,-1,65.46,01-01-1970.14:47
74,27,82.59,-1,65.46,01-01-1970.14:47
74.3,27.6,82.59,-1,65.42,01-01-1970.14:48
75,28,82.65,-1,65.46,01-01-1970.14:49
74.5,28,82.62,-1,65.81,01-01-1970.14:50
74,28,82.65,-1,66.14,01-01-1970.14:50
72.6,28,82.65,-1,66.17,01-01-1970.14:51
73.5,28,82.68,-1,66.43,01-01-1970.14:52
72.3,28,82.65,-1,66.71,01-01-1970.14:52
73.2,28,82.65,-1,66.57,01-01-1970.14:53
71.5,28,82.68,-1,66.75,01-01-1970.14:54
71.5,28,82.71,-1,66.89,01-01-1970.14:54
71.2,28,82.74,-1,66.89,01-01-1970.14:55
72.7,28,82.68,-1,66.53,01-01-1970.14:56
73.9,28,82.68,-1,66.03,01-01-1970.14:57
76.6,28,82.59,-1,65.46,01-01-1970.14:57
75.5,28,81.82,-1,65.1,01-01-1970.14:58
75.7,28,81.89,-1,64.39,01-01-1970.14:59
73.8,28,81.95,-1,63.68,01-01-1970.14:59
72.7,28,81.95,-1,62.66,01-01-1970.15:00
72.1,28,81.89,-1,62.24,01-01-1970.15:01
72,28,81.95,-1,61.58,01-01-1970.15:01
72.7,28,81.85,-1,60.89,01-01-1970.15:02
72.5,28,81.92,-1,60.55,01-01-1970.15:03
73.2,28,81.95,-1,60.2,01-01-1970.15:03
70.7,28,81.95,-1,60.2,01-01-1970.15:04
72.1,28,81.95,-1,60.14,01-01-1970.15:05
70.8,28,81.98,-1,59.93,01-01-1970.15:06
71.3,28,82.01,-1,59.86,01-01-1970.15:06
72,28,82.04,-1,59.76,01-01-1970.15:07
72.2,28.9,82.04,-1,59.55,01-01-1970.15:08
73,29,82.04,-1,59.52,01-01-1970.15:08
72.4,29,82.01,-1,59.18,01-01-1970.15:09
70.9,29,82.04,-1,58.5,01-01-1970.15:10
70,29,82.04,-1,57.89,01-01-1970.15:10
69.6,28.4,82.04,-1,57.49,01-01-1970.15:11
70.8,28,82.04,-1,57.28,01-01-1970.15:12
69.1,28,82.04,-1,57.15,01-01-1970.15:13
70,28,82.07,-1,56.48,01-01-1970.15:13
70.6,28,82.04,-1,55.88,01-01-1970.15:14
71.1,28.7,82.07,-1,55.15,01-01-1970.15:15
70.9,29,82.07,-1,54.23,01-01-1970.15:15
70.4,29,82.07,-1,53.58,01-01-1970.15:16
70.7,29,82.16,-1,53.19,01-01-1970.15:17
68.2,29,82.07,-1,52.54,01-01-1970.15:17
69.8,29,82.07,-1,52.19,01-01-1970.15:18
69.5,29,82.07,-1,52.22,01-01-1970.15:19
69.1,29,82.07,-1,52.54,01-01-1970.15:20
68.9,29,82.04,-1,52.54,01-01-1970.15:20
68.1,29,82.04,-1,52.31,01-01-1970.15:21
68.3,28.2,82.01,-1,52.44,01-01-1970.15:22
70.6,28,81.98,-1,52.8,01-01-1970.15:22
70.8,28,82.04,-1,52.86,01-01-1970.15:23
71.2,28,82.01,-1,52.86,01-01-1970.15:24
71.4,28,82.04,-1,52.86,01-01-1970.15:24
70.1,28.9,82.01,-1,53.19,01-01-1970.15:25
69.8,29,82.01,-1,53.84,01-01-1970.15:26
69.2,29,82.04,-1,53.84,01-01-1970.15:26
69.1,29,81.89,-1,53.84,01-01-1970.15:27
68.9,29,81.82,-1,53.84,01-01-1970.15:28
68.9,29,81.85,-1,53.51,01-01-1970.15:29
68.8,29,81.79,-1,53.38,01-01-1970.15:29
68.3,29,81.82,-1,54.53,01-01-1970.15:30
69.2,28.1,81.85,-1,54.76,01-01-1970.15:31
70.9,28.9,81.76,-1,54.5,01-01-1970.15:31
71.9,29,81.76,-1,54.17,01-01-1970.15:32
70.1,29,81.76,-1,54.1,01-01-1970.15:33
70.7,29,81.73,-1,54.17,01-01-1970.15:33
71.1,29,81.73,-1,54.5,01-01-1970.15:34
73,29,81.79,-1,54.43,01-01-1970.15:35
71.8,29,81.82,-1,54.17,01-01-1970.15:36
69.6,29,81.76,-1,54.23,01-01-1970.15:36
69.8,29,81.79,-1,54.5,01-01-1970.15:37
69.6,29,81.79,-1,54.53,01-01-1970.15:38
68.2,29,81.76,-1,54.3,01-01-1970.15:38
68.1,29,81.79,-1,53.84,01-01-1970.15:39
69,29,81.76,-1,54.17,01-01-1970.15:40
69.3,29,81.73,-1,54.82,01-01-1970.15:40
68.1,29,81.76,-1,55.15,01-01-1970.15:41
68.9,29,81.73,-1,55.15,01-01-1970.15:42
69.2,29,81.73,-1,54.82,01-01-1970.15:42
67.7,29,81.73,-1,55.45,01-01-1970.15:43
67.3,29,81.73,-1,56.08,01-01-1970.15:44
66.2,29.5,81.73,-1,56.48,01-01-1970.15:45
69.3,29.7,81.73,-1,56.82,01-01-1970.15:45
68.6,30,81.73,-1,57.12,01-01-1970.15:46
69.1,30,81.73,-1,57.45,01-01-1970.15:47
67.3,30,81.73,-1,57.49,01-01-1970.15:47
66.1,30,81.7,-1,57.49,01-01-1970.15:48
65.6,30,81.73,-1,57.49,01-01-1970.15:49
65.6,29.1,81.7,-1,57.79,01-01-1970.15:49
65.8,29,81.64,-1,58.36,01-01-1970.15:50
66.9,29,81.67,-1,59.86,01-01-1970.15:51
67.6,29.9,81.73,-1,59.69,01-01-1970.15:52
66.8,30,81.64,-1,58.23,01-01-1970.15:52
65.1,30,81.67,-1,57.55,01-01-1970.15:53
65.1,29.2,81.67,-1,57.86,01-01-1970.15:54
65.5,29,81.61,-1,58.16,01-01-1970.15:54
66.5,29,81.64,-1,57.82,01-01-1970.15:55
67.9,29,81.67,-1,57.69,01-01-1970.15:56
66.3,29.1,81.61,-1,57.49,01-01-1970.15:56
67.9,29,81.64,-1,58.16,01-01-1970.15:57
68,29,81.67,-1,59.14,01-01-1970.15:58
67.9,29.6,81.67,-1,60.14,01-01-1970.15:58
67.9,30,81.58,-1,59.52,01-01-1970.15:59
65.3,30,81.67,-1,59.52,01-01-1970.16:00
66.5,30,81.67,-1,59.18,01-01-1970.16:01
65,30,81.7,-1,59.14,01-01-1970.16:01
65,30,81.55,-1,80.21,01-01-1970.16:02
65,29.6,81.64,-1,62.21,01-01-1970.16:03
65.3,29,81.64,-1,59.69,01-01-1970.16:03
66.9,29,81.73,-1,58.84,01-01-1970.16:04
67.2,29,81.7,-1,59.18,01-01-1970.16:05
65.7,29,81.61,-1,60.24,01-01-1970.16:05
65.5,29,81.67,-1,59.18,01-01-1970.16:06
65.9,29,81.64,-1,58.57,01-01-1970.16:07
65.7,29,81.7,-1,58.74,01-01-1970.16:08
69.1,29,81.7,-1,58.5,01-01-1970.16:08
69.2,29,81.82,-1,58.16,01-01-1970.16:09
69,29.1,81.85,-1,57.99,01-01-1970.16:10
66.4,30,81.76,-1,57.65,01-01-1970.16:10
66,29.1,81.79,-1,57.65,01-01-1970.16:11
66.3,29,81.82,-1,57.49,01-01-1970.16:12
66.6,29.1,81.92,-1,57.82,01-01-1970.16:12
66.2,29.4,81.79,-1,58.91,01-01-1970.16:13
67,29.4,81.79,-1,60,01-01-1970.16:14
67,30,81.79,-1,58.09,01-01-1970.16:14
67.7,30,81.76,-1,57.49,01-01-1970.16:15
67.4,29.9,81.85,-1,57.18,01-01-1970.16:16
67.3,30,81.85,-1,57.99,01-01-1970.16:17
69.8,30,81.85,-1,56.75,01-01-1970.16:17
69.5,30,81.79,-1,67.3,01-01-1970.16:18
68.5,30,81.85,-1,55.15,01-01-1970.16:19
69.2,30,81.79,-1,73.01,01-01-1970.16:19
67.9,30,81.73,-1,74.41,01-01-1970.16:20
67,30,81.73,-1,65.78,01-01-1970.16:21
66.1,30,81.76,-1,57.05,01-01-1970.16:21
66.7,30,81.79,-1,55.92,01-01-1970.16:22
67,30,81.76,-1,55.82,01-01-1970.16:23
66.8,30,81.76,-1,55.55,01-01-1970.16:24
66,29.3,81.76,-1,55.65,01-01-1970.16:24
67.2,29,81.73,-1,55.48,01-01-1970.16:25
69.1,29,81.73,-1,55.65,01-01-1970.16:26
69.1,29,81.73,-1,56.18,01-01-1970.16:26
70.5,29,81.73,-1,56.15,01-01-1970.16:27
70,29.2,81.76,-1,55.15,01-01-1970.16:28
67.5,30,81.73,-1,73.88,01-01-1970.16:28
67,30,81.76,-1,58.63,01-01-1970.16:29
66.4,29.2,81.73,-1,56.82,01-01-1970.16:30
67,29.1,81.73,-1,57.55,01-01-1970.16:30
66.8,29.4,81.73,-1,57.96,01-01-1970.16:31
66.4,29,81.73,-1,57.82,01-01-1970.16:32
67.7,29.1,81.73,-1,57.82,01-01-1970.16:33
67.1,30,81.73,-1,58.16,01-01-1970.16:33
68,30,81.76,-1,58.6,01-01-1970.16:34
66.7,30,81.73,-1,57.96,01-01-1970.16:35
66.9,30,81.76,-1,58.16,01-01-1970.16:35
64.6,30,81.79,-1,58.16,01-01-1970.16:36
65,29.1,81.76,-1,58.16,01-01-1970.16:37
67.3,29.1,81.73,-1,58.16,01-01-1970.16:37
66.1,29.4,81.76,-1,57.89,01-01-1970.16:38
66.6,29.9,81.73,-1,57.82,01-01-1970.16:39
65.4,29.1,81.73,-1,57.82,01-01-1970.16:40
67.1,29,81.76,-1,58.23,01-01-1970.16:40
66.3,29.9,81.73,-1,58.57,01-01-1970.16:41
66.1,29.1,81.73,-1,58.16,01-01-1970.16:42
66.3,29.1,81.76,-1,60.65,01-01-1970.16:42
65.9,29.1,81.76,-1,58.23,01-01-1970.16:43
66.7,29.9,81.79,-1,57.22,01-01-1970.16:44
64.6,30,81.73,-1,57.15,01-01-1970.16:44
64.2,29,81.73,-1,56.85,01-01-1970.16:45
65.4,29,81.73,-1,56.82,01-01-1970.16:46
65.3,29,81.7,-1,56.85,01-01-1970.16:46
65.9,29,81.73,-1,57.18,01-01-1970.16:47
68.5,29.2,81.73,-1,57.49,01-01-1970.16:48
66.3,30,81.73,-1,57.49,01-01-1970.16:49
63.4,29.2,81.76,-1,57.49,01-01-1970.16:49
63.1,29,81.73,-1,57.49,01-01-1970.16:50
64,29.7,81.7,-1,57.49,01-01-1970.16:51
63.2,29.9,81.73,-1,57.39,01-01-1970.16:51
63.3,29.5,81.73,-1,57.49,01-01-1970.16:52
64,29.1,81.73,-1,57.45,01-01-1970.16:53
63,29,81.7,-1,57.49,01-01-1970.16:53
63.7,29,81.73,-1,57.25,01-01-1970.16:54
63.1,29.7,81.73,-1,57.15,01-01-1970.16:55
63,30,81.73,-1,57.02,01-01-1970.16:56
63.8,30,81.73,-1,57.08,01-01-1970.16:56
64,30,81.76,-1,57.18,01-01-1970.16:57
63.9,30,81.73,-1,57.49,01-01-1970.16:58
61.5,30,81.73,-1,57.49,01-01-1970.16:58
61.8,30,81.73,-1,57.45,01-01-1970.16:59
62.3,30,81.7,-1,56.88,01-01-1970.17:00
62,30,81.73,-1,56.48,01-01-1970.17:00
62.6,29.2,81.73,-1,56.48,01-01-1970.17:01
63.6,30,81.76,-1,56.82,01-01-1970.17:02
62,30,81.73,-1,56.72,01-01-1970.17:02
60.6,30,81.7,-1,56.82,01-01-1970.17:03
61.1,29.2,81.73,-1,57.12,01-01-1970.17:04
62,30,81.7,-1,57.12,01-01-1970.17:05
62.2,30,81.76,-1,56.82,01-01-1970.17:05
64.1,30,81.73,-1,56.48,01-01-1970.17:06
63.1,30,81.76,-1,56.48,01-01-1970.17:07
63,30,81.73,-1,57.08,01-01-1970.17:07
61.9,30,81.73,-1,57.15,01-01-1970.17:08
61.9,30,81.7,-1,57.02,01-01-1970.17:09
61.1,30,81.76,-1,56.68,01-01-1970.17:09
61,30,81.73,-1,56.48,01-01-1970.17:10
60.3,29.1,81.73,-1,59.35,01-01-1970.17:11
61.8,29,81.73,-1,74.25,01-01-1970.17:12
61.4,29,81.55,-1,120.86,01-01-1970.17:12
61.8,29,81.4,-1,174.4,01-01-1970.17:13
62.6,29,81.4,-1,179.3,01-01-1970.17:14
63.5,29,81.43,-1,180.03,01-01-1970.17:14
63.5,29,81.43,-1,179.3,01-01-1970.17:15
63,29,81.43,-1,176.98,01-01-1970.17:16
63,29,81.43,-1,172.21,01-01-1970.17:16
63.9,29,81.43,-1,165.93,01-01-1970.17:17
64,29,81.46,-1,161.9,01-01-1970.17:18
65,29,81.43,-1,163.3,01-01-1970.17:19
65.6,29,81.43,-1,165.93,01-01-1970.17:19
65.8,29,81.43,-1,166.33,01-01-1970.17:20
65.5,29,81.43,-1,167.97,01-01-1970.17:21
65,29,81.43,-1,170.88,01-01-1970.17:21
65.5,29,81.43,-1,174.19,01-01-1970.17:22
63.9,29,81.4,-1,176.83,01-01-1970.17:23
64.6,29,81.43,-1,178.28,01-01-1970.17:23
65,29,81.43,-1,180.03,01-01-1970.17:24
65,29,81.43,-1,180.76,01-01-1970.17:25
65,29,81.43,-1,178.93,01-01-1970.17:25
65,29,81.43,-1,176.98,01-01-1970.17:26
65.2,29,81.43,-1,175.68,01-01-1970.17:27
64.2,29,81.43,-1,175.61,01-01-1970.17:28
64.1,28.9,81.43,-1,184.77,01-01-1970.17:28
64.2,28,81.43,-1,182.98,01-01-1970.17:29
64.9,28,81.43,-1,182.98,01-01-1970.17:30
65.6,28,81.46,-1,180.03,01-01-1970.17:30
66,28,81.43,-1,180.03,01-01-1970.17:31
65.2,28,81.43,-1,180.76,01-01-1970.17:32
65,28,81.43,-1,183.72,01-01-1970.17:32
65.9,28,81.43,-1,187.49,01-01-1970.17:33
66,28,81.43,-1,190.18,01-01-1970.17:34
66.9,28,81.4,-1,192.12,01-01-1970.17:35
67.5,28,81.43,-1,194.15,01-01-1970.17:35
66.6,28,81.37,-1,196.05,01-01-1970.17:36
67,28,81.43,-1,196.85,01-01-1970.17:37
67,28,81.37,-1,196.85,01-01-1970.17:37
67.1,28,81.43,-1,198.45,01-01-1970.17:38
67.5,28,81.43,-1,199.5,01-01-1970.17:39
68.9,28,81.4,-1,200.15,01-01-1970.17:39
67.2,28,81.34,-1,200.88,01-01-1970.17:40
67,28,81.4,-1,201.7,01-01-1970.17:41
68.1,28,81.4,-1,203.26,01-01-1970.17:41
67.2,28,81.43,-1,205,01-01-1970.17:42
67,28,81.4,-1,206.67,01-01-1970.17:43
67,28,81.4,-1,208.35,01-01-1970.17:44
67.9,28,81.4,-1,208.86,01-01-1970.17:44
67.5,28,81.37,-1,209.2,01-01-1970.17:45
67.2,28,81.37,-1,209.2,01-01-1970.17:46
67.3,28,81.37,-1,209.2,01-01-1970.17:46
67,28,81.37,-1,209.46,01-01-1970.17:47
66.1,28,81.4,-1,210.05,01-01-1970.17:48
66.9,28,81.4,-1,210.91,01-01-1970.17:48
67,28,81.3,-1,211.76,01-01-1970.17:49
67.3,28,81.4,-1,212.62,01-01-1970.17:50
67.3,28,81.4,-1,213.58,01-01-1970.17:51
67,28,81.4,-1,214.36,01-01-1970.17:51
67.3,28,81.34,-1,215.23,01-01-1970.17:52
67,28,81.4,-1,216.02,01-01-1970.17:53
67.9,28,81.37,-1,216.11,01-01-1970.17:53
67.8,28,81.4,-1,216.11,01-01-1970.17:54
67,28,81.37,-1,216.11,01-01-1970.17:55
67,28,81.34,-1,216.99,01-01-1970.17:55
67,28,81.43,-1,217.78,01-01-1970.17:56
66.1,28,81.34,-1,218.76,01-01-1970.17:57
66.9,28,81.3,-1,218.76,01-01-1970.17:57
67,28,81.37,-1,218.76,01-01-1970.17:58
67,28,81.4,-1,219.65,01-01-1970.17:59
67,28,81.3,-1,219.83,01-01-1970.18:00
67.8,28,81.27,-1,220.54,01-01-1970.18:00
68,28,81.3,-1,221.44,01-01-1970.18:01
67.7,27.9,81.24,-1,222.34,01-01-1970.18:02
68,27.2,81.37,-1,223.07,01-01-1970.18:02
68.9,28,81.24,-1,223.25,01-01-1970.18:03
68.8,28,81.34,-1,224.16,01-01-1970.18:04
68.2,28,81.43,-1,224.16,01-01-1970.18:04
68,28,81.37,-1,224.16,01-01-1970.18:05
68,28,81.34,-1,224.71,01-01-1970.18:06
68,28,81.37,-1,225.07,01-01-1970.18:07
68,28,81.4,-1,225.99,01-01-1970.18:07
68,28,81.34,-1,225.99,01-01-1970.18:08
68,28,81.34,-1,225.99,01-01-1970.18:09
67.5,28,81.34,-1,226.91,01-01-1970.18:09
67.8,28,81.37,-1,227.1,01-01-1970.18:10
67,28,81.34,-1,227.84,01-01-1970.18:11
67,27.8,81.37,-1,228.77,01-01-1970.18:11
67.9,27.7,81.37,-1,228.77,01-01-1970.18:12
68,28,81.4,-1,229.7,01-01-1970.18:13
67.9,28,81.3,-1,229.7,01-01-1970.18:13
67,28,81.4,-1,229.7,01-01-1970.18:14
67.9,28,81.37,-1,229.7,01-01-1970.18:15
67.6,28,81.37,-1,229.8,01-01-1970.18:16
67.9,28,81.27,-1,230.74,01-01-1970.18:16
67.4,28,81.24,-1,232.06,01-01-1970.18:17
67,28,81.27,-1,233.48,01-01-1970.18:18
66.8,28,81.37,-1,234.44,01-01-1970.18:18
67,28,81.4,-1,235.4,01-01-1970.18:19
66.7,28,81.34,-1,236.36,01-01-1970.18:20
66.5,28,81.4,-1,236.36,01-01-1970.18:20
66,28,81.37,-1,236.36,01-01-1970.18:21
66,28,81.4,-1,237.13,01-01-1970.18:22
67.7,28,81.4,-1,237.33,01-01-1970.18:23
66.4,28,81.37,-1,238.3,01-01-1970.18:23
66.7,28,81.3,-1,239.47,01-01-1970.18:24
66.2,28,81.34,-1,240.35,01-01-1970.18:25
66,28,81.3,-1,241.24,01-01-1970.18:25
66.3,28,81.4,-1,242.63,01-01-1970.18:26
66.4,28,81.43,-1,243.22,01-01-1970.18:27
66.7,28,81.34,-1,244.22,01-01-1970.18:27
66.6,28,81.37,-1,244.22,01-01-1970.18:28
66.4,28,81.27,-1,245.22,01-01-1970.18:29
65.7,28,81.34,-1,245.22,01-01-1970.18:29
64.8,28,81.4,-1,245.22,01-01-1970.18:30
65,28,81.34,-1,246.23,01-01-1970.18:31
65.4,28,81.37,-1,246.23,01-01-1970.18:32
65.4,28,81.37,-1,246.23,01-01-1970.18:32
65,28,81.4,-1,246.23,01-01-1970.18:33
65.4,28,81.4,-1,247.24,01-01-1970.18:34
65.9,28,81.3,-1,247.75,01-01-1970.18:34
65.7,28,81.34,-1,248.26,01-01-1970.18:35
65.6,28,81.34,-1,249.28,01-01-1970.18:36
66,28,81.3,-1,250.31,01-01-1970.18:36
66,28,81.34,-1,251.34,01-01-1970.18:37
66,28,81.3,-1,251.34,01-01-1970.18:38
65.8,28,81.34,-1,251.34,01-01-1970.18:39
65.1,28,81.34,-1,252.17,01-01-1970.18:39
65.8,28,81.34,-1,252.37,01-01-1970.18:40
65.9,28,81.27,-1,252.37,01-01-1970.18:41
65.6,27.6,81.34,-1,253.41,01-01-1970.18:41
66,27.9,81.34,-1,253.41,01-01-1970.18:42
66.6,28,81.27,-1,254.25,01-01-1970.18:43
66,28,81.37,-1,254.35,01-01-1970.18:43
65.5,28,81.34,-1,254.46,01-01-1970.18:44
66,28,81.43,-1,254.46,01-01-1970.18:45
66,28,81.3,-1,254.46,01-01-1970.18:45
65.8,28,81.34,-1,255.51,01-01-1970.18:46
66,28,81.4,-1,256.56,01-01-1970.18:47
66.6,28,81.4,-1,256.56,01-01-1970.18:48
66.9,28,81.3,-1,257.62,01-01-1970.18:48
66.7,28,81.37,-1,257.73,01-01-1970.18:49
66,28,81.34,-1,258.68,01-01-1970.18:50
66,28,81.34,-1,258.68,01-01-1970.18:50
65.1,28,81.24,-1,258.68,01-01-1970.18:51
65,28,81.3,-1,258.68,01-01-1970.18:52
65,28,81.3,-1,259.75,01-01-1970.18:52
64,28,81.37,-1,259.75,01-01-1970.18:53
64.1,28,81.34,-1,259.75,01-01-1970.18:54
63.8,28,81.3,-1,260.83,01-01-1970.18:55
64.9,28,81.27,-1,260.83,01-01-1970.18:55
65,28,81.27,-1,260.83,01-01-1970.18:56
65,28,81.43,-1,261.91,01-01-1970.18:57
64,28,81.37,-1,261.91,01-01-1970.18:57
63.9,28,81.4,-1,261.91,01-01-1970.18:58
64,28,81.27,-1,261.91,01-01-1970.18:59
64,28,81.37,-1,261.91,01-01-1970.18:59
64,28,81.15,-1,261.91,01-01-1970.19:00
65,28,81.3,-1,263.1,01-01-1970.19:01
65,28,81.34,-1,262.99,01-01-1970.19:02
64.2,28,81.37,-1,264.08,01-01-1970.19:02
64.1,28,81.37,-1,264.08,01-01-1970.19:03
64.9,28,81.4,-1,265.18,01-01-1970.19:04
64.5,28,81.37,-1,265.18,01-01-1970.19:04
64.1,28,81.27,-1,265.18,01-01-1970.19:05
64.1,28,81.34,-1,265.18,01-01-1970.19:06
62.8,28,81.27,-1,265.18,01-01-1970.19:06
62,28,81.24,-1,266.28,01-01-1970.19:07
62,28,81.4,-1,266.39,01-01-1970.19:08
62.9,28,81.37,-1,266.83,01-01-1970.19:08
63.9,28,81.3,-1,267.38,01-01-1970.19:09
64.3,28,81.27,-1,268.05,01-01-1970.19:10
64,28,81.27,-1,268.49,01-01-1970.19:11
63.1,28,81.34,-1,268.6,01-01-1970.19:11
63,28,81.3,-1,269.61,01-01-1970.19:12
63.8,28,81.34,-1,269.61,01-01-1970.19:13
63.2,28,81.37,-1,269.61,01-01-1970.19:13
63,28,81.3,-1,269.61,01-01-1970.19:14
63.5,28,81.3,-1,269.61,01-01-1970.19:15
63.1,28,81.37,-1,270.73,01-01-1970.19:15
63.9,28,81.4,-1,270.73,01-01-1970.19:16
63.2,28,81.27,-1,270.95,01-01-1970.19:17
62.1,28,81.27,-1,271.85,01-01-1970.19:18
61.1,28,81.27,-1,270.73,01-01-1970.19:18
60.7,28,81.3,-1,270.73,01-01-1970.19:19
61.9,28,81.27,-1,270.73,01-01-1970.19:20
62.9,27.7,81.4,-1,270.73,01-01-1970.19:20
63.9,27.8,81.3,-1,270.73,01-01-1970.19:21
64,27.3,81.27,-1,270.73,01-01-1970.19:22
64,27.6,81.3,-1,270.73,01-01-1970.19:22
64,27.4,81.27,-1,271.85,01-01-1970.19:23
64,27.9,81.3,-1,271.85,01-01-1970.19:24
64,28,81.37,-1,272.98,01-01-1970.19:24
64,28,81.34,-1,273.1,01-01-1970.19:25
64,28,81.4,-1,274.12,01-01-1970.19:26
63.4,28,81.34,-1,274.12,01-01-1970.19:27
63,28,81.27,-1,274.92,01-01-1970.19:27
64,28,81.4,-1,275.26,01-01-1970.19:28
64,28,81.27,-1,275.26,01-01-1970.19:29
63.1,28,81.27,-1,275.26,01-01-1970.19:29
63.9,28,81.3,-1,275.26,01-01-1970.19:30
64,28,81.24,-1,275.61,01-01-1970.19:31
63.9,28,81.34,-1,276.41,01-01-1970.19:31
63.1,28,81.27,-1,276.41,01-01-1970.19:32
63,28,81.34,-1,276.41,01-01-1970.19:33
62.2,28,81.3,-1,277.57,01-01-1970.19:34
63,28,81.34,-1,277.57,01-01-1970.19:34
63.2,28,81.37,-1,277.57,01-01-1970.19:35
63.1,28,81.37,-1,277.57,01-01-1970.19:36
62.1,28,81.37,-1,278.61,01-01-1970.19:36
62,28,81.27,-1,278.72,01-01-1970.19:37
63,28,81.37,-1,278.72,01-01-1970.19:38
63,28,81.3,-1,278.72,01-01-1970.19:38
63,28,81.37,-1,278.72,01-01-1970.19:39
63.5,28,81.27,-1,278.72,01-01-1970.19:40
63.3,28,81.3,-1,278.96,01-01-1970.19:40
63,28,81.37,-1,279.89,01-01-1970.19:41
63,28,81.34,-1,279.89,01-01-1970.19:42
63,28,81.3,-1,279.89,01-01-1970.19:43
63,28,81.3,-1,279.89,01-01-1970.19:43
63,28,81.3,-1,279.89,01-01-1970.19:44
63.9,28,81.37,-1,279.89,01-01-1970.19:45
63.4,28,81.34,-1,279.89,01-01-1970.19:45
63,28,81.27,-1,279.89,01-01-1970.19:46
63,28,81.34,-1,279.89,01-01-1970.19:47
63,28,81.24,-1,279.89,01-01-1970.19:47
63.1,28,81.24,-1,281.06,01-01-1970.19:48
63.9,28,81.3,-1,281.06,01-01-1970.19:49
64,28,81.27,-1,281.06,01-01-1970.19:50
63.6,28,81.24,-1,281.06,01-01-1970.19:50
63.5,28,81.4,-1,281.06,01-01-1970.19:51
63,28,81.24,-1,282.24,01-01-1970.19:52
62.6,28,81.3,-1,282.24,01-01-1970.19:52
62,28,81.27,-1,282.24,01-01-1970.19:53
62,27.6,81.27,-1,282.24,01-01-1970.19:54
63,28,81.27,-1,282.24,01-01-1970.19:54
63,28,81.27,-1,282.24,01-01-1970.19:55
63,28,81.37,-1,282.24,01-01-1970.19:56
63.2,28,81.34,-1,283.42,01-01-1970.19:56
63,28,81.27,-1,283.42,01-01-1970.19:57
62.4,27.8,81.21,-1,283.42,01-01-1970.19:58
63.2,27,81.27,-1,283.42,01-01-1970.19:59
64,27.8,81.27,-1,283.42,01-01-1970.19:59
64,28,81.21,-1,284.49,01-01-1970.20:00
64,27.5,81.27,-1,284.61,01-01-1970.20:01
64,27.9,81.27,-1,284.61,01-01-1970.20:01
63.3,28,81.34,-1,284.61,01-01-1970.20:02
63.4,28,81.24,-1,284.61,01-01-1970.20:03
63.9,28,81.3,-1,285.8,01-01-1970.20:03
64,28,81.21,-1,285.8,01-01-1970.20:04
63,28,81.21,-1,285.8,01-01-1970.20:05
63,28,81.3,-1,285.8,01-01-1970.20:06
63.1,28,81.27,-1,285.8,01-01-1970.20:06
61.3,27.5,81.27,-1,286.64,01-01-1970.20:07
61.2,27,81.27,-1,287,01-01-1970.20:08
62,27,81.37,-1,287,01-01-1970.20:08
62,27.5,81.24,-1,287,01-01-1970.20:09
62.8,27.8,81.37,-1,287,01-01-1970.20:10
63.8,28,81.18,-1,287,01-01-1970.20:10
63.3,28,81.24,-1,287,01-01-1970.20:11
63.2,28,81.24,-1,287,01-01-1970.20:12
63,28,81.27,-1,287,01-01-1970.20:12
62.9,28,81.24,-1,287,01-01-1970.20:13
63,28,81.21,-1,287,01-01-1970.20:14
63,28,81.34,-1,287,01-01-1970.20:15
61.5,28,81.24,-1,287.6,01-01-1970.20:15
62,28,81.27,-1,288.2,01-01-1970.20:16
62.5,28,81.24,-1,288.2,01-01-1970.20:17
63,28,81.24,-1,288.2,01-01-1970.20:17
64,28,81.27,-1,288.2,01-01-1970.20:18
63.6,28,81.27,-1,288.2,01-01-1970.20:19
64,28,81.27,-1,288.2,01-01-1970.20:19
64,28,81.21,-1,288.2,01-01-1970.20:20
63.1,28,81.4,-1,288.57,01-01-1970.20:21
63,28,81.37,-1,289.42,01-01-1970.20:22
63.5,28,81.3,-1,289.42,01-01-1970.20:22
63,28,81.27,-1,289.42,01-01-1970.20:23
63.9,28,81.27,-1,289.42,01-01-1970.20:24
63.9,28,81.27,-1,289.42,01-01-1970.20:24
63.1,28,81.34,-1,289.42,01-01-1970.20:25
63,28,81.24,-1,290.63,01-01-1970.20:26
63.3,28,81.27,-1,290.63,01-01-1970.20:26
63.4,28,81.24,-1,290.63,01-01-1970.20:27
63.9,28,81.24,-1,291.86,01-01-1970.20:28
64,28,81.34,-1,291.86,01-01-1970.20:28
63.4,28,81.24,-1,291.86,01-01-1970.20:29
62.5,28,81.24,-1,292.72,01-01-1970.20:30
63,27.8,81.21,-1,293.09,01-01-1970.20:31
63.2,27,81.24,-1,293.09,01-01-1970.20:31
64,27,81.18,-1,293.09,01-01-1970.20:32
64,27,81.18,-1,293.09,01-01-1970.20:33
63.7,27.4,81.06,-1,293.7,01-01-1970.20:33
64,27,81.06,-1,294.32,01-01-1970.20:34
64,27.5,81.09,-1,294.32,01-01-1970.20:35
63.7,27.2,81.06,-1,294.32,01-01-1970.20:35
64,27.1,81.09,-1,294.32,01-01-1970.20:36
64,27.8,81.03,-1,294.32,01-01-1970.20:37
63.1,27.6,81.06,-1,295.56,01-01-1970.20:38
63.9,27.7,81.06,-1,295.56,01-01-1970.20:38
64,27.7,81.06,-1,295.56,01-01-1970.20:39
64,28,81.06,-1,295.56,01-01-1970.20:40
63.3,28,81.12,-1,295.56,01-01-1970.20:40
64,28,81.06,-1,296.81,01-01-1970.20:41
63.9,28,81.12,-1,296.81,01-01-1970.20:42
63,28,81.06,-1,296.81,01-01-1970.20:42
62.9,28,81.09,-1,296.94,01-01-1970.20:43
62,28,81.09,-1,298.07,01-01-1970.20:44
62.2,28,81.09,-1,298.07,01-01-1970.20:45
62.5,28,81.06,-1,298.07,01-01-1970.20:45
63,28,81.12,-1,298.07,01-01-1970.20:46
63,28,81.09,-1,298.07,01-01-1970.20:47
63,28,81.06,-1,298.19,01-01-1970.20:47
62.3,28,81.09,-1,299.33,01-01-1970.20:48
62.9,28,81.15,-1,299.33,01-01-1970.20:49
62.2,28,81.09,-1,299.33,01-01-1970.20:49
62,28,81.09,-1,299.33,01-01-1970.20:50
62,28,81.12,-1,299.33,01-01-1970.20:51
62,28,80.97,-1,299.33,01-01-1970.20:51
62.8,28,81.12,-1,300.59,01-01-1970.20:52
63,28,81.09,-1,300.59,01-01-1970.20:53
63,28,81.09,-1,300.59,01-01-1970.20:54
63.9,28,81.03,-1,301.74,01-01-1970.20:54
63.1,28,81.09,-1,301.87,01-01-1970.20:55
63.9,28,81.09,-1,301.87,01-01-1970.20:56
64,28,81.06,-1,301.87,01-01-1970.20:56
63.2,28,81.12,-1,301.87,01-01-1970.20:57
63,28,81,-1,302.89,01-01-1970.20:58
63,28,81.09,-1,303.15,01-01-1970.20:58
63,28,81.09,-1,303.15,01-01-1970.20:59
63,28,81.03,-1,304.31,01-01-1970.21:00
63,28,81.12,-1,304.44,01-01-1970.21:01
63,28,81.03,-1,304.44,01-01-1970.21:01
63,28,81.06,-1,304.69,01-01-1970.21:02
63,28,81.06,-1,305.73,01-01-1970.21:03
63,28,81.09,-1,305.73,01-01-1970.21:03
63,28,81.06,-1,306.25,01-01-1970.21:04
62.7,28,81.09,-1,307.03,01-01-1970.21:05
62.3,28,81,-1,307.03,01-01-1970.21:05
63,28,81.09,-1,308.34,01-01-1970.21:06
63,28,81.09,-1,308.34,01-01-1970.21:07
62.4,28,81.06,-1,308.34,01-01-1970.21:07
62,28,81,-1,309.65,01-01-1970.21:08
62,28,81.12,-1,309.65,01-01-1970.21:09
62.5,28,81.03,-1,310.18,01-01-1970.21:10
62,27.8,81.06,-1,310.97,01-01-1970.21:10
62.4,27.8,80.94,-1,310.97,01-01-1970.21:11
62.4,28,80.97,-1,310.97,01-01-1970.21:12
62,28,81.03,-1,310.97,01-01-1970.21:12
62,27.6,81.03,-1,311.5,01-01-1970.21:13
62,27.1,81.06,-1,311.9,01-01-1970.21:14
62,27,81.06,-1,312.3,01-01-1970.21:14
62.7,27,81.09,-1,312.3,01-01-1970.21:15
63,27,81.06,-1,312.3,01-01-1970.21:16
63,27,81.06,-1,312.56,01-01-1970.21:17
63,27,80.94,-1,313.5,01-01-1970.21:17
63,27,81.03,-1,313.63,01-01-1970.21:18
63.9,27,81.03,-1,313.63,01-01-1970.21:19
63.4,27,81.03,-1,313.63,01-01-1970.21:19
63.7,27,81.06,-1,313.63,01-01-1970.21:20
63,27,81.06,-1,313.9,01-01-1970.21:21
63,27,81.03,-1,314.97,01-01-1970.21:21
63,27,81.12,-1,314.97,01-01-1970.21:22
63,27,81.09,-1,314.97,01-01-1970.21:23
63.3,27,81.03,-1,315.38,01-01-1970.21:23
63.3,27,81.03,-1,316.32,01-01-1970.21:24
63,27,81.06,-1,316.32,01-01-1970.21:25
63.2,27,81.09,-1,316.32,01-01-1970.21:26
63,27,81.03,-1,317.54,01-01-1970.21:26
63.4,27,81.06,-1,317.68,01-01-1970.21:27
63.9,27,81.09,-1,317.68,01-01-1970.21:28
64,27,81.03,-1,318.9,01-01-1970.21:28
64,27,81.06,-1,319.04,01-01-1970.21:29
64,27,81,-1,319.04,01-01-1970.21:30
64,27,81.06,-1,320,01-01-1970.21:30
64,27,81.06,-1,320.41,01-01-1970.21:31
64,27,81.06,-1,320.41,01-01-1970.21:32
64,27,81.03,-1,321.78,01-01-1970.21:33
64,27,81,-1,321.78,01-01-1970.21:33
64.7,27,81.06,-1,321.78,01-01-1970.21:34
64.1,27,81,-1,322.61,01-01-1970.21:35
64,27,81.03,-1,323.17,01-01-1970.21:35
64.5,27,81.03,-1,323.17,01-01-1970.21:36
64,27,81.06,-1,323.17,01-01-1970.21:37
64,27,81.03,-1,324.42,01-01-1970.21:37
64,27,81.03,-1,324.56,01-01-1970.21:38
64,27,81.06,-1,324.56,01-01-1970.21:39
64,27,81.09,-1,324.56,01-01-1970.21:39
64,27,81,-1,325.12,01-01-1970.21:40
64,27,81.03,-1,325.96,01-01-1970.21:41
64.1,27,81,-1,325.96,01-01-1970.21:42
64.8,27,81,-1,326.24,01-01-1970.21:42
64.6,27,81,-1,327.36,01-01-1970.21:43
64,27,81.12,-1,327.36,01-01-1970.21:44
64.4,27,81.09,-1,327.36,01-01-1970.21:44
64,27,81.03,-1,327.79,01-01-1970.21:45
64,27,81.09,-1,328.78,01-01-1970.21:46
64.7,27,81.09,-1,328.78,01-01-1970.21:46
65,27,81.06,-1,328.78,01-01-1970.21:47
65,27,81,-1,330.2,01-01-1970.21:48
65,27,81.06,-1,330.2,01-01-1970.21:49
65,27,80.94,-1,330.34,01-01-1970.21:49
65,27,81.03,-1,331.63,01-01-1970.21:50
66,27,81.09,-1,331.63,01-01-1970.21:51
66,27,81.09,-1,331.63,01-01-1970.21:51
66,27,81,-1,333.07,01-01-1970.21:52
66,27,81,-1,333.07,01-01-1970.21:53
66.3,27,81.09,-1,333.07,01-01-1970.21:53
66,27,81.09,-1,333.93,01-01-1970.21:54
66.4,27,81,-1,334.51,01-01-1970.21:55
66.5,26.8,81,-1,334.51,01-01-1970.21:55
67,26,81.12,-1,334.51,01-01-1970.21:56
67,26,81.06,-1,335.96,01-01-1970.21:57
67,26,81.09,-1,335.96,01-01-1970.21:58
66.9,26,81.09,-1,335.96,01-01-1970.21:58
66,26,81.12,-1,336.84,01-01-1970.21:59
66,26,81.12,-1,337.42,01-01-1970.22:00
66,26,81.06,-1,337.42,01-01-1970.22:00
66,26.5,81.03,-1,337.42,01-01-1970.22:01
66,26,81.09,-1,338.89,01-01-1970.22:02
66,26,81.12,-1,338.89,01-01-1970.22:02
66,26,81.12,-1,338.89,01-01-1970.22:03
66,26,81.09,-1,340.37,01-01-1970.22:04
66.2,26,81.09,-1,340.37,01-01-1970.22:05
66,26,81.12,-1,340.37,01-01-1970.22:05
66,26,81.12,-1,340.37,01-01-1970.22:06
66,26,81.12,-1,341.85,01-01-1970.22:07
66,26,81.03,-1,341.85,01-01-1970.22:07
66,26,81.09,-1,342.15,01-01-1970.22:08
66.9,26,81.09,-1,343.35,01-01-1970.22:09
67,26,81.06,-1,343.35,01-01-1970.22:09
67,26,81.09,-1,344.55,01-01-1970.22:10
67,26,81.12,-1,344.85,01-01-1970.22:11
67,26,81.12,-1,344.85,01-01-1970.22:12
67,26,81.12,-1,346.36,01-01-1970.22:12
67.7,26,81.15,-1,346.36,01-01-1970.22:13
68,26,81.12,-1,347.42,01-01-1970.22:14
68,26,81.12,-1,347.87,01-01-1970.22:14
68,26,81.09,-1,347.87,01-01-1970.22:15
68,26,81.06,-1,349.4,01-01-1970.22:16
68,26,81.12,-1,349.4,01-01-1970.22:16
67.2,26,81.12,-1,350.93,01-01-1970.22:17
67,26,81.12,-1,350.93,01-01-1970.22:18
67,26,81.12,-1,352.48,01-01-1970.22:18
67.5,26,81.12,-1,352.79,01-01-1970.22:19
67.6,26,81.12,-1,354.03,01-01-1970.22:20
68,26,81.12,-1,354.03,01-01-1970.22:21
68.6,26,81.12,-1,355.59,01-01-1970.22:21
69,26,81.12,-1,355.59,01-01-1970.22:22
69.9,26,81.15,-1,357.16,01-01-1970.22:23
69.8,26,81.12,-1,357.16,01-01-1970.22:23
69.2,26,81.12,-1,358.58,01-01-1970.22:24
69.9,26,81.09,-1,358.74,01-01-1970.22:25
70,26,81.15,-1,359.85,01-01-1970.22:25
70,26,81.18,-1,360.32,01-01-1970.22:26
70,26,81.15,-1,360.8,01-01-1970.22:27
70,26,81.12,-1,361.92,01-01-1970.22:28
70.5,26,81.15,-1,361.92,01-01-1970.22:28
70,26,81.15,-1,363.53,01-01-1970.22:29
70,26,81.24,-1,364.01,01-01-1970.22:30
70,26,81.21,-1,365.14,01-01-1970.22:30
70,26,81.12,-1,366.6,01-01-1970.22:31
70,26,81.18,-1,366.77,01-01-1970.22:32
70,26,81.15,-1,368.4,01-01-1970.22:32
70.4,26,81.15,-1,369.06,01-01-1970.22:33
71,26,81.18,-1,370.04,01-01-1970.22:34
70.7,26,81.18,-1,371.69,01-01-1970.22:34
70.9,26,81.12,-1,373.19,01-01-1970.22:35
71,26,81.15,-1,373.36,01-01-1970.22:36
71.3,26,81.15,-1,375.03,01-01-1970.22:37
71.7,26,81.12,-1,376.54,01-01-1970.22:37
71.9,26,81.12,-1,376.88,01-01-1970.22:38
72,26,81.12,-1,378.4,01-01-1970.22:39
72,26,81.12,-1,380.1,01-01-1970.22:39
72,26,81.15,-1,381.81,01-01-1970.22:40
72,26,81.12,-1,383.19,01-01-1970.22:41
72,26,81.15,-1,383.53,01-01-1970.22:41
72,26,81.15,-1,385.27,01-01-1970.22:42
72,26,81.12,-1,387.01,01-01-1970.22:43
72,26,81.15,-1,388.76,01-01-1970.22:44
72,26,81.12,-1,390.52,01-01-1970.22:44
72,26,81.12,-1,391.94,01-01-1970.22:45
72,26,81.15,-1,392.3,01-01-1970.22:46
72,26,81.12,-1,394.26,01-01-1970.22:46
72,26,81.12,-1,395.87,01-01-1970.22:47
72,26,81.12,-1,397.68,01-01-1970.22:48
72.1,26,81.12,-1,399.5,01-01-1970.22:48
72,26,81.12,-1,401.32,01-01-1970.22:49
73,26,81.15,-1,402.61,01-01-1970.22:50
73,25.9,81.15,-1,403.72,01-01-1970.22:50
73,25.1,81.12,-1,406.13,01-01-1970.22:51
73,25,81.12,-1,408,01-01-1970.22:52
73,25,80.97,-1,410.63,01-01-1970.22:53
73.8,25,80.91,-1,412.53,01-01-1970.22:53
73.6,25.4,80.85,-1,414.44,01-01-1970.22:54
73.9,25,80.94,-1,418.29,01-01-1970.22:55
74,25,81,-1,420.23,01-01-1970.22:55
74,25,80.91,-1,423.57,01-01-1970.22:56
74,25,80.91,-1,426.14,01-01-1970.22:57
74.1,25,80.94,-1,428.14,01-01-1970.22:57
74,25,80.85,-1,430.14,01-01-1970.22:58
74,25,80.85,-1,433.79,01-01-1970.22:59
74.9,25,80.94,-1,436.24,01-01-1970.23:00
75,25,80.88,-1,438.3,01-01-1970.23:00
75,25,80.85,-1,441.83,01-01-1970.23:01
75,25,82.04,-1,441.66,01-01-1970.23:02
75,25,81.98,-1,445.88,01-01-1970.23:02
75,25,81.98,-1,450.13,01-01-1970.23:03
75,25,81.98,-1,454.4,01-01-1970.23:04
75,25,81.98,-1,458.91,01-01-1970.23:04
75,25,81.98,-1,463.01,01-01-1970.23:05
75,25,81.95,-1,467.36,01-01-1970.23:06
75,25,82.01,-1,472.17,01-01-1970.23:06
75,25,81.92,-1,478.34,01-01-1970.23:07
74.1,25,82.01,-1,485,01-01-1970.23:08
74,25,81.92,-1,491.28,01-01-1970.23:09
74,25,81.95,-1,496.25,01-01-1970.23:09
74,25,81.92,-1,502.85,01-01-1970.23:10
74,25,81.95,-1,507.67,01-01-1970.23:11
74.3,25,82.01,-1,514.6,01-01-1970.23:11
74.8,25,82.04,-1,520.67,01-01-1970.23:12
75,25,82.04,-1,526.3,01-01-1970.23:13
75,25,82.01,-1,533.65,01-01-1970.23:13
75,25,82.04,-1,540.59,01-01-1970.23:14
75,25,79.87,-1,545.17,01-01-1970.23:15
75.3,25,79.59,-1,552.7,01-01-1970.23:16
76,25,79.59,-1,560.06,01-01-1970.23:16
76,25,79.59,-1,567.74,01-01-1970.23:17
76,25,79.59,-1,576.5,01-01-1970.23:18
76,25,79.59,-1,585.1,01-01-1970.23:18
76,25,79.59,-1,598.44,01-01-1970.23:19
76,25,79.59,-1,603.89,01-01-1970.23:20
76,25,79.62,-1,618.88,01-01-1970.23:20
